reference,country_name,hdi_category,indicator_name,values
,Iceland,HIGH HUMAN DEVELOPMENT,HDI RANK,1
,Norway,HIGH HUMAN DEVELOPMENT,HDI RANK,2
,Australia,HIGH HUMAN DEVELOPMENT,HDI RANK,3
,Canada,HIGH HUMAN DEVELOPMENT,HDI RANK,4
,Ireland,HIGH HUMAN DEVELOPMENT,HDI RANK,5
,Sweden,HIGH HUMAN DEVELOPMENT,HDI RANK,6
,Switzerland,HIGH HUMAN DEVELOPMENT,HDI RANK,7
,Japan,HIGH HUMAN DEVELOPMENT,HDI RANK,8
,Netherlands,HIGH HUMAN DEVELOPMENT,HDI RANK,9
,France,HIGH HUMAN DEVELOPMENT,HDI RANK,10
,Finland,HIGH HUMAN DEVELOPMENT,HDI RANK,11
,United States,HIGH HUMAN DEVELOPMENT,HDI RANK,12
,Spain,HIGH HUMAN DEVELOPMENT,HDI RANK,13
,Denmark,HIGH HUMAN DEVELOPMENT,HDI RANK,14
,Austria,HIGH HUMAN DEVELOPMENT,HDI RANK,15
,United Kingdom,HIGH HUMAN DEVELOPMENT,HDI RANK,16
,Belgium,HIGH HUMAN DEVELOPMENT,HDI RANK,17
,Luxembourg,HIGH HUMAN DEVELOPMENT,HDI RANK,18
,New Zealand,HIGH HUMAN DEVELOPMENT,HDI RANK,19
,Italy,HIGH HUMAN DEVELOPMENT,HDI RANK,20
,"Hong Kong, China (SAR)",HIGH HUMAN DEVELOPMENT,HDI RANK,21
,Germany,HIGH HUMAN DEVELOPMENT,HDI RANK,22
,Israel,HIGH HUMAN DEVELOPMENT,HDI RANK,23
,Greece,HIGH HUMAN DEVELOPMENT,HDI RANK,24
,Singapore,HIGH HUMAN DEVELOPMENT,HDI RANK,25
,Korea (Republic of),HIGH HUMAN DEVELOPMENT,HDI RANK,26
,Slovenia,HIGH HUMAN DEVELOPMENT,HDI RANK,27
,Cyprus,HIGH HUMAN DEVELOPMENT,HDI RANK,28
,Portugal,HIGH HUMAN DEVELOPMENT,HDI RANK,29
,Brunei Darussalam,HIGH HUMAN DEVELOPMENT,HDI RANK,30
,Barbados,HIGH HUMAN DEVELOPMENT,HDI RANK,31
,Czech Republic,HIGH HUMAN DEVELOPMENT,HDI RANK,32
,Kuwait,HIGH HUMAN DEVELOPMENT,HDI RANK,33
,Malta,HIGH HUMAN DEVELOPMENT,HDI RANK,34
,Qatar,HIGH HUMAN DEVELOPMENT,HDI RANK,35
,Hungary,HIGH HUMAN DEVELOPMENT,HDI RANK,36
,Poland,HIGH HUMAN DEVELOPMENT,HDI RANK,37
,Argentina,HIGH HUMAN DEVELOPMENT,HDI RANK,38
,United Arab Emirates,HIGH HUMAN DEVELOPMENT,HDI RANK,39
,Chile,HIGH HUMAN DEVELOPMENT,HDI RANK,40
,Bahrain,HIGH HUMAN DEVELOPMENT,HDI RANK,41
,Slovakia,HIGH HUMAN DEVELOPMENT,HDI RANK,42
,Lithuania,HIGH HUMAN DEVELOPMENT,HDI RANK,43
,Estonia,HIGH HUMAN DEVELOPMENT,HDI RANK,44
,Latvia,HIGH HUMAN DEVELOPMENT,HDI RANK,45
,Uruguay,HIGH HUMAN DEVELOPMENT,HDI RANK,46
,Croatia,HIGH HUMAN DEVELOPMENT,HDI RANK,47
,Costa Rica,HIGH HUMAN DEVELOPMENT,HDI RANK,48
,Bahamas,HIGH HUMAN DEVELOPMENT,HDI RANK,49
,Seychelles,HIGH HUMAN DEVELOPMENT,HDI RANK,50
,Cuba,HIGH HUMAN DEVELOPMENT,HDI RANK,51
,Mexico,HIGH HUMAN DEVELOPMENT,HDI RANK,52
,Bulgaria,HIGH HUMAN DEVELOPMENT,HDI RANK,53
,Saint Kitts and Nevis,HIGH HUMAN DEVELOPMENT,HDI RANK,54
,Tonga,HIGH HUMAN DEVELOPMENT,HDI RANK,55
,Libyan Arab Jamahiriya,HIGH HUMAN DEVELOPMENT,HDI RANK,56
,Antigua and Barbuda,HIGH HUMAN DEVELOPMENT,HDI RANK,57
,Oman,HIGH HUMAN DEVELOPMENT,HDI RANK,58
,Trinidad and Tobago,HIGH HUMAN DEVELOPMENT,HDI RANK,59
,Romania,HIGH HUMAN DEVELOPMENT,HDI RANK,60
,Saudi Arabia,HIGH HUMAN DEVELOPMENT,HDI RANK,61
,Panama,HIGH HUMAN DEVELOPMENT,HDI RANK,62
,Malaysia,HIGH HUMAN DEVELOPMENT,HDI RANK,63
,Belarus,HIGH HUMAN DEVELOPMENT,HDI RANK,64
,Mauritius,HIGH HUMAN DEVELOPMENT,HDI RANK,65
,Bosnia and Herzegovina,HIGH HUMAN DEVELOPMENT,HDI RANK,66
,Russian Federation,HIGH HUMAN DEVELOPMENT,HDI RANK,67
,Albania,HIGH HUMAN DEVELOPMENT,HDI RANK,68
,Macedonia (TFYR),HIGH HUMAN DEVELOPMENT,HDI RANK,69
,Brazil,HIGH HUMAN DEVELOPMENT,HDI RANK,70
,Dominica,MEDIUM HUMAN DEVELOPMENT,HDI RANK,71
,Saint Lucia,MEDIUM HUMAN DEVELOPMENT,HDI RANK,72
,Kazakhstan,MEDIUM HUMAN DEVELOPMENT,HDI RANK,73
,Venezuela (Bolivarian Republic of),MEDIUM HUMAN DEVELOPMENT,HDI RANK,74
,Colombia,MEDIUM HUMAN DEVELOPMENT,HDI RANK,75
,Ukraine,MEDIUM HUMAN DEVELOPMENT,HDI RANK,76
,Samoa,MEDIUM HUMAN DEVELOPMENT,HDI RANK,77
,Thailand,MEDIUM HUMAN DEVELOPMENT,HDI RANK,78
,Dominican Republic,MEDIUM HUMAN DEVELOPMENT,HDI RANK,79
,Belize,MEDIUM HUMAN DEVELOPMENT,HDI RANK,80
,China,MEDIUM HUMAN DEVELOPMENT,HDI RANK,81
,Grenada,MEDIUM HUMAN DEVELOPMENT,HDI RANK,82
,Armenia,MEDIUM HUMAN DEVELOPMENT,HDI RANK,83
,Turkey,MEDIUM HUMAN DEVELOPMENT,HDI RANK,84
,Suriname,MEDIUM HUMAN DEVELOPMENT,HDI RANK,85
,Jordan,MEDIUM HUMAN DEVELOPMENT,HDI RANK,86
,Peru,MEDIUM HUMAN DEVELOPMENT,HDI RANK,87
,Lebanon,MEDIUM HUMAN DEVELOPMENT,HDI RANK,88
,Ecuador,MEDIUM HUMAN DEVELOPMENT,HDI RANK,89
,Philippines,MEDIUM HUMAN DEVELOPMENT,HDI RANK,90
,Tunisia,MEDIUM HUMAN DEVELOPMENT,HDI RANK,91
,Fiji,MEDIUM HUMAN DEVELOPMENT,HDI RANK,92
,Saint Vincent and the Grenadines,MEDIUM HUMAN DEVELOPMENT,HDI RANK,93
,Iran (Islamic Republic of),MEDIUM HUMAN DEVELOPMENT,HDI RANK,94
,Paraguay,MEDIUM HUMAN DEVELOPMENT,HDI RANK,95
,Georgia,MEDIUM HUMAN DEVELOPMENT,HDI RANK,96
,Guyana,MEDIUM HUMAN DEVELOPMENT,HDI RANK,97
,Azerbaijan,MEDIUM HUMAN DEVELOPMENT,HDI RANK,98
,Sri Lanka,MEDIUM HUMAN DEVELOPMENT,HDI RANK,99
,Maldives,MEDIUM HUMAN DEVELOPMENT,HDI RANK,100
,Jamaica,MEDIUM HUMAN DEVELOPMENT,HDI RANK,101
,Cape Verde,MEDIUM HUMAN DEVELOPMENT,HDI RANK,102
,El Salvador,MEDIUM HUMAN DEVELOPMENT,HDI RANK,103
,Algeria,MEDIUM HUMAN DEVELOPMENT,HDI RANK,104
,Viet Nam,MEDIUM HUMAN DEVELOPMENT,HDI RANK,105
,Occupied Palestinian Territories,MEDIUM HUMAN DEVELOPMENT,HDI RANK,106
,Indonesia,MEDIUM HUMAN DEVELOPMENT,HDI RANK,107
,Syrian Arab Republic,MEDIUM HUMAN DEVELOPMENT,HDI RANK,108
,Turkmenistan,MEDIUM HUMAN DEVELOPMENT,HDI RANK,109
,Nicaragua,MEDIUM HUMAN DEVELOPMENT,HDI RANK,110
,Moldova,MEDIUM HUMAN DEVELOPMENT,HDI RANK,111
,Egypt,MEDIUM HUMAN DEVELOPMENT,HDI RANK,112
,Uzbekistan,MEDIUM HUMAN DEVELOPMENT,HDI RANK,113
,Mongolia,MEDIUM HUMAN DEVELOPMENT,HDI RANK,114
,Honduras,MEDIUM HUMAN DEVELOPMENT,HDI RANK,115
,Kyrgyzstan,MEDIUM HUMAN DEVELOPMENT,HDI RANK,116
,Bolivia,MEDIUM HUMAN DEVELOPMENT,HDI RANK,117
,Guatemala,MEDIUM HUMAN DEVELOPMENT,HDI RANK,118
,Gabon,MEDIUM HUMAN DEVELOPMENT,HDI RANK,119
,Vanuatu,MEDIUM HUMAN DEVELOPMENT,HDI RANK,120
,South Africa,MEDIUM HUMAN DEVELOPMENT,HDI RANK,121
,Tajikistan,MEDIUM HUMAN DEVELOPMENT,HDI RANK,122
,Sao Tome and Principe,MEDIUM HUMAN DEVELOPMENT,HDI RANK,123
,Botswana,MEDIUM HUMAN DEVELOPMENT,HDI RANK,124
,Namibia,MEDIUM HUMAN DEVELOPMENT,HDI RANK,125
,Morocco,MEDIUM HUMAN DEVELOPMENT,HDI RANK,126
,Equatorial Guinea,MEDIUM HUMAN DEVELOPMENT,HDI RANK,127
,India,MEDIUM HUMAN DEVELOPMENT,HDI RANK,128
,Solomon Islands,MEDIUM HUMAN DEVELOPMENT,HDI RANK,129
,Lao People's Democratic Republic,MEDIUM HUMAN DEVELOPMENT,HDI RANK,130
,Cambodia,MEDIUM HUMAN DEVELOPMENT,HDI RANK,131
,Myanmar,MEDIUM HUMAN DEVELOPMENT,HDI RANK,132
,Bhutan,MEDIUM HUMAN DEVELOPMENT,HDI RANK,133
,Comoros,MEDIUM HUMAN DEVELOPMENT,HDI RANK,134
,Ghana,MEDIUM HUMAN DEVELOPMENT,HDI RANK,135
,Pakistan,MEDIUM HUMAN DEVELOPMENT,HDI RANK,136
,Mauritania,MEDIUM HUMAN DEVELOPMENT,HDI RANK,137
,Lesotho,MEDIUM HUMAN DEVELOPMENT,HDI RANK,138
,Congo,MEDIUM HUMAN DEVELOPMENT,HDI RANK,139
,Bangladesh,MEDIUM HUMAN DEVELOPMENT,HDI RANK,140
,Swaziland,MEDIUM HUMAN DEVELOPMENT,HDI RANK,141
,Nepal,MEDIUM HUMAN DEVELOPMENT,HDI RANK,142
,Madagascar,MEDIUM HUMAN DEVELOPMENT,HDI RANK,143
,Cameroon,MEDIUM HUMAN DEVELOPMENT,HDI RANK,144
,Papua New Guinea,MEDIUM HUMAN DEVELOPMENT,HDI RANK,145
,Haiti,MEDIUM HUMAN DEVELOPMENT,HDI RANK,146
,Sudan,MEDIUM HUMAN DEVELOPMENT,HDI RANK,147
,Kenya,MEDIUM HUMAN DEVELOPMENT,HDI RANK,148
,Djibouti,MEDIUM HUMAN DEVELOPMENT,HDI RANK,149
,Timor-Leste,MEDIUM HUMAN DEVELOPMENT,HDI RANK,150
,Zimbabwe,MEDIUM HUMAN DEVELOPMENT,HDI RANK,151
,Togo,MEDIUM HUMAN DEVELOPMENT,HDI RANK,152
,Yemen,MEDIUM HUMAN DEVELOPMENT,HDI RANK,153
,Uganda,MEDIUM HUMAN DEVELOPMENT,HDI RANK,154
,Gambia,MEDIUM HUMAN DEVELOPMENT,HDI RANK,155
,Senegal,LOW HUMAN DEVELOPMENT,HDI RANK,156
,Eritrea,LOW HUMAN DEVELOPMENT,HDI RANK,157
,Nigeria,LOW HUMAN DEVELOPMENT,HDI RANK,158
,Tanzania (United Republic of),LOW HUMAN DEVELOPMENT,HDI RANK,159
,Guinea,LOW HUMAN DEVELOPMENT,HDI RANK,160
,Rwanda,LOW HUMAN DEVELOPMENT,HDI RANK,161
,Angola,LOW HUMAN DEVELOPMENT,HDI RANK,162
,Benin,LOW HUMAN DEVELOPMENT,HDI RANK,163
,Malawi,LOW HUMAN DEVELOPMENT,HDI RANK,164
,Zambia,LOW HUMAN DEVELOPMENT,HDI RANK,165
,Côte d'Ivoire,LOW HUMAN DEVELOPMENT,HDI RANK,166
,Burundi,LOW HUMAN DEVELOPMENT,HDI RANK,167
,Congo (Democratic Republic of the),LOW HUMAN DEVELOPMENT,HDI RANK,168
,Ethiopia,LOW HUMAN DEVELOPMENT,HDI RANK,169
,Chad,,HDI RANK,170
,Central African Republic,,HDI RANK,171
,Mozambique,,HDI RANK,172
,Mali,,HDI RANK,173
,Niger,,HDI RANK,174
,Guinea-Bissau,,HDI RANK,175
,Burkina Faso,,HDI RANK,176
,Sierra Leone,,HDI RANK,177
,Iceland,HIGH HUMAN DEVELOPMENT,"Intentional homicides (per 100,000 people) 2000-04",1
,Norway,HIGH HUMAN DEVELOPMENT,"Intentional homicides (per 100,000 people) 2000-04",0.8
,Australia,HIGH HUMAN DEVELOPMENT,"Intentional homicides (per 100,000 people) 2000-04",1.3
,Canada,HIGH HUMAN DEVELOPMENT,"Intentional homicides (per 100,000 people) 2000-04",1.9
,Ireland,HIGH HUMAN DEVELOPMENT,"Intentional homicides (per 100,000 people) 2000-04",0.9
,Sweden,HIGH HUMAN DEVELOPMENT,"Intentional homicides (per 100,000 people) 2000-04",2.4
,Switzerland,HIGH HUMAN DEVELOPMENT,"Intentional homicides (per 100,000 people) 2000-04",2.9
,Japan,HIGH HUMAN DEVELOPMENT,"Intentional homicides (per 100,000 people) 2000-04",0.5
,Netherlands,HIGH HUMAN DEVELOPMENT,"Intentional homicides (per 100,000 people) 2000-04",1
,France,HIGH HUMAN DEVELOPMENT,"Intentional homicides (per 100,000 people) 2000-04",1.6
,Finland,HIGH HUMAN DEVELOPMENT,"Intentional homicides (per 100,000 people) 2000-04",2.8
,United States,HIGH HUMAN DEVELOPMENT,"Intentional homicides (per 100,000 people) 2000-04",5.6
,Spain,HIGH HUMAN DEVELOPMENT,"Intentional homicides (per 100,000 people) 2000-04",1.2
,Denmark,HIGH HUMAN DEVELOPMENT,"Intentional homicides (per 100,000 people) 2000-04",0.8
,Austria,HIGH HUMAN DEVELOPMENT,"Intentional homicides (per 100,000 people) 2000-04",0.8
,United Kingdom,HIGH HUMAN DEVELOPMENT,"Intentional homicides (per 100,000 people) 2000-04",2.1
,Belgium,HIGH HUMAN DEVELOPMENT,"Intentional homicides (per 100,000 people) 2000-04",1.5
,Luxembourg,HIGH HUMAN DEVELOPMENT,"Intentional homicides (per 100,000 people) 2000-04",0.9
,New Zealand,HIGH HUMAN DEVELOPMENT,"Intentional homicides (per 100,000 people) 2000-04",1.3
,Italy,HIGH HUMAN DEVELOPMENT,"Intentional homicides (per 100,000 people) 2000-04",1.2
,"Hong Kong, China (SAR)",HIGH HUMAN DEVELOPMENT,"Intentional homicides (per 100,000 people) 2000-04",0.6
,Germany,HIGH HUMAN DEVELOPMENT,"Intentional homicides (per 100,000 people) 2000-04",1
,Israel,HIGH HUMAN DEVELOPMENT,"Intentional homicides (per 100,000 people) 2000-04",2.6
,Greece,HIGH HUMAN DEVELOPMENT,"Intentional homicides (per 100,000 people) 2000-04",0.8
,Singapore,HIGH HUMAN DEVELOPMENT,"Intentional homicides (per 100,000 people) 2000-04",0.5
,Korea (Republic of),HIGH HUMAN DEVELOPMENT,"Intentional homicides (per 100,000 people) 2000-04",2.2
,Slovenia,HIGH HUMAN DEVELOPMENT,"Intentional homicides (per 100,000 people) 2000-04",1.5
,Cyprus,HIGH HUMAN DEVELOPMENT,"Intentional homicides (per 100,000 people) 2000-04",1.7
,Portugal,HIGH HUMAN DEVELOPMENT,"Intentional homicides (per 100,000 people) 2000-04",1.8
,Brunei Darussalam,HIGH HUMAN DEVELOPMENT,"Intentional homicides (per 100,000 people) 2000-04",1.4
,Barbados,HIGH HUMAN DEVELOPMENT,"Intentional homicides (per 100,000 people) 2000-04",7.5
,Czech Republic,HIGH HUMAN DEVELOPMENT,"Intentional homicides (per 100,000 people) 2000-04",2.2
,Kuwait,HIGH HUMAN DEVELOPMENT,"Intentional homicides (per 100,000 people) 2000-04",1
,Malta,HIGH HUMAN DEVELOPMENT,"Intentional homicides (per 100,000 people) 2000-04",1.8
,Qatar,HIGH HUMAN DEVELOPMENT,"Intentional homicides (per 100,000 people) 2000-04",0.8
,Hungary,HIGH HUMAN DEVELOPMENT,"Intentional homicides (per 100,000 people) 2000-04",2.1
,Poland,HIGH HUMAN DEVELOPMENT,"Intentional homicides (per 100,000 people) 2000-04",1.6
,Argentina,HIGH HUMAN DEVELOPMENT,"Intentional homicides (per 100,000 people) 2000-04",9.5
,United Arab Emirates,HIGH HUMAN DEVELOPMENT,"Intentional homicides (per 100,000 people) 2000-04",0.6
,Chile,HIGH HUMAN DEVELOPMENT,"Intentional homicides (per 100,000 people) 2000-04",1.7
,Bahrain,HIGH HUMAN DEVELOPMENT,"Intentional homicides (per 100,000 people) 2000-04",1
,Slovakia,HIGH HUMAN DEVELOPMENT,"Intentional homicides (per 100,000 people) 2000-04",2.3
,Lithuania,HIGH HUMAN DEVELOPMENT,"Intentional homicides (per 100,000 people) 2000-04",9.4
,Estonia,HIGH HUMAN DEVELOPMENT,"Intentional homicides (per 100,000 people) 2000-04",6.8
,Latvia,HIGH HUMAN DEVELOPMENT,"Intentional homicides (per 100,000 people) 2000-04",8.6
,Uruguay,HIGH HUMAN DEVELOPMENT,"Intentional homicides (per 100,000 people) 2000-04",5.6
,Croatia,HIGH HUMAN DEVELOPMENT,"Intentional homicides (per 100,000 people) 2000-04",1.8
,Costa Rica,HIGH HUMAN DEVELOPMENT,"Intentional homicides (per 100,000 people) 2000-04",6.2
,Bahamas,HIGH HUMAN DEVELOPMENT,"Intentional homicides (per 100,000 people) 2000-04",15.9
,Seychelles,HIGH HUMAN DEVELOPMENT,"Intentional homicides (per 100,000 people) 2000-04",7.4
,Cuba,HIGH HUMAN DEVELOPMENT,"Intentional homicides (per 100,000 people) 2000-04",..
,Mexico,HIGH HUMAN DEVELOPMENT,"Intentional homicides (per 100,000 people) 2000-04",13
,Bulgaria,HIGH HUMAN DEVELOPMENT,"Intentional homicides (per 100,000 people) 2000-04",3.1
,Saint Kitts and Nevis,HIGH HUMAN DEVELOPMENT,"Intentional homicides (per 100,000 people) 2000-04",4.8
,Tonga,HIGH HUMAN DEVELOPMENT,"Intentional homicides (per 100,000 people) 2000-04",2
,Libyan Arab Jamahiriya,HIGH HUMAN DEVELOPMENT,"Intentional homicides (per 100,000 people) 2000-04",..
,Antigua and Barbuda,HIGH HUMAN DEVELOPMENT,"Intentional homicides (per 100,000 people) 2000-04",..
,Oman,HIGH HUMAN DEVELOPMENT,"Intentional homicides (per 100,000 people) 2000-04",0.6
,Trinidad and Tobago,HIGH HUMAN DEVELOPMENT,"Intentional homicides (per 100,000 people) 2000-04",..
,Romania,HIGH HUMAN DEVELOPMENT,"Intentional homicides (per 100,000 people) 2000-04",2.4
,Saudi Arabia,HIGH HUMAN DEVELOPMENT,"Intentional homicides (per 100,000 people) 2000-04",0.9
,Panama,HIGH HUMAN DEVELOPMENT,"Intentional homicides (per 100,000 people) 2000-04",9.6
,Malaysia,HIGH HUMAN DEVELOPMENT,"Intentional homicides (per 100,000 people) 2000-04",2.4
,Belarus,HIGH HUMAN DEVELOPMENT,"Intentional homicides (per 100,000 people) 2000-04",8.3
,Mauritius,HIGH HUMAN DEVELOPMENT,"Intentional homicides (per 100,000 people) 2000-04",2.5
,Bosnia and Herzegovina,HIGH HUMAN DEVELOPMENT,"Intentional homicides (per 100,000 people) 2000-04",..
,Russian Federation,HIGH HUMAN DEVELOPMENT,"Intentional homicides (per 100,000 people) 2000-04",19.9
,Albania,HIGH HUMAN DEVELOPMENT,"Intentional homicides (per 100,000 people) 2000-04",5.7
,Macedonia (TFYR),HIGH HUMAN DEVELOPMENT,"Intentional homicides (per 100,000 people) 2000-04",2.3
,Brazil,HIGH HUMAN DEVELOPMENT,"Intentional homicides (per 100,000 people) 2000-04",..
,Dominica,MEDIUM HUMAN DEVELOPMENT,"Intentional homicides (per 100,000 people) 2000-04",2.8
,Saint Lucia,MEDIUM HUMAN DEVELOPMENT,"Intentional homicides (per 100,000 people) 2000-04",..
,Kazakhstan,MEDIUM HUMAN DEVELOPMENT,"Intentional homicides (per 100,000 people) 2000-04",16.8
,Venezuela (Bolivarian Republic of),MEDIUM HUMAN DEVELOPMENT,"Intentional homicides (per 100,000 people) 2000-04",33.2
,Colombia,MEDIUM HUMAN DEVELOPMENT,"Intentional homicides (per 100,000 people) 2000-04",62.7
,Ukraine,MEDIUM HUMAN DEVELOPMENT,"Intentional homicides (per 100,000 people) 2000-04",7.4
,Samoa,MEDIUM HUMAN DEVELOPMENT,"Intentional homicides (per 100,000 people) 2000-04",..
,Thailand,MEDIUM HUMAN DEVELOPMENT,"Intentional homicides (per 100,000 people) 2000-04",8.5
,Dominican Republic,MEDIUM HUMAN DEVELOPMENT,"Intentional homicides (per 100,000 people) 2000-04",..
,Belize,MEDIUM HUMAN DEVELOPMENT,"Intentional homicides (per 100,000 people) 2000-04",..
,China,MEDIUM HUMAN DEVELOPMENT,"Intentional homicides (per 100,000 people) 2000-04",2.1
,Grenada,MEDIUM HUMAN DEVELOPMENT,"Intentional homicides (per 100,000 people) 2000-04",..
,Armenia,MEDIUM HUMAN DEVELOPMENT,"Intentional homicides (per 100,000 people) 2000-04",2.5
,Turkey,MEDIUM HUMAN DEVELOPMENT,"Intentional homicides (per 100,000 people) 2000-04",3.8
,Suriname,MEDIUM HUMAN DEVELOPMENT,"Intentional homicides (per 100,000 people) 2000-04",10.3
,Jordan,MEDIUM HUMAN DEVELOPMENT,"Intentional homicides (per 100,000 people) 2000-04",0.9
,Peru,MEDIUM HUMAN DEVELOPMENT,"Intentional homicides (per 100,000 people) 2000-04",5.5
,Lebanon,MEDIUM HUMAN DEVELOPMENT,"Intentional homicides (per 100,000 people) 2000-04",5.7
,Ecuador,MEDIUM HUMAN DEVELOPMENT,"Intentional homicides (per 100,000 people) 2000-04",18.3
,Philippines,MEDIUM HUMAN DEVELOPMENT,"Intentional homicides (per 100,000 people) 2000-04",4.3
,Tunisia,MEDIUM HUMAN DEVELOPMENT,"Intentional homicides (per 100,000 people) 2000-04",1.2
,Fiji,MEDIUM HUMAN DEVELOPMENT,"Intentional homicides (per 100,000 people) 2000-04",1.7
,Saint Vincent and the Grenadines,MEDIUM HUMAN DEVELOPMENT,"Intentional homicides (per 100,000 people) 2000-04",..
,Iran (Islamic Republic of),MEDIUM HUMAN DEVELOPMENT,"Intentional homicides (per 100,000 people) 2000-04",2.9
,Paraguay,MEDIUM HUMAN DEVELOPMENT,"Intentional homicides (per 100,000 people) 2000-04",12.6
,Georgia,MEDIUM HUMAN DEVELOPMENT,"Intentional homicides (per 100,000 people) 2000-04",6.2
,Guyana,MEDIUM HUMAN DEVELOPMENT,"Intentional homicides (per 100,000 people) 2000-04",13.8
,Azerbaijan,MEDIUM HUMAN DEVELOPMENT,"Intentional homicides (per 100,000 people) 2000-04",2.4
,Sri Lanka,MEDIUM HUMAN DEVELOPMENT,"Intentional homicides (per 100,000 people) 2000-04",6.7
,Maldives,MEDIUM HUMAN DEVELOPMENT,"Intentional homicides (per 100,000 people) 2000-04",1.3
,Jamaica,MEDIUM HUMAN DEVELOPMENT,"Intentional homicides (per 100,000 people) 2000-04",34.4
,Cape Verde,MEDIUM HUMAN DEVELOPMENT,"Intentional homicides (per 100,000 people) 2000-04",..
,El Salvador,MEDIUM HUMAN DEVELOPMENT,"Intentional homicides (per 100,000 people) 2000-04",31.5
,Algeria,MEDIUM HUMAN DEVELOPMENT,"Intentional homicides (per 100,000 people) 2000-04",1.4
,Viet Nam,MEDIUM HUMAN DEVELOPMENT,"Intentional homicides (per 100,000 people) 2000-04",..
,Occupied Palestinian Territories,MEDIUM HUMAN DEVELOPMENT,"Intentional homicides (per 100,000 people) 2000-04",4
,Indonesia,MEDIUM HUMAN DEVELOPMENT,"Intentional homicides (per 100,000 people) 2000-04",1.1
,Syrian Arab Republic,MEDIUM HUMAN DEVELOPMENT,"Intentional homicides (per 100,000 people) 2000-04",1.1
,Turkmenistan,MEDIUM HUMAN DEVELOPMENT,"Intentional homicides (per 100,000 people) 2000-04",..
,Nicaragua,MEDIUM HUMAN DEVELOPMENT,"Intentional homicides (per 100,000 people) 2000-04",12.8
,Moldova,MEDIUM HUMAN DEVELOPMENT,"Intentional homicides (per 100,000 people) 2000-04",6.7
,Egypt,MEDIUM HUMAN DEVELOPMENT,"Intentional homicides (per 100,000 people) 2000-04",0.4
,Uzbekistan,MEDIUM HUMAN DEVELOPMENT,"Intentional homicides (per 100,000 people) 2000-04",..
,Mongolia,MEDIUM HUMAN DEVELOPMENT,"Intentional homicides (per 100,000 people) 2000-04",12.8
,Honduras,MEDIUM HUMAN DEVELOPMENT,"Intentional homicides (per 100,000 people) 2000-04",..
,Kyrgyzstan,MEDIUM HUMAN DEVELOPMENT,"Intentional homicides (per 100,000 people) 2000-04",8
,Bolivia,MEDIUM HUMAN DEVELOPMENT,"Intentional homicides (per 100,000 people) 2000-04",2.8
,Guatemala,MEDIUM HUMAN DEVELOPMENT,"Intentional homicides (per 100,000 people) 2000-04",25.5
,Gabon,MEDIUM HUMAN DEVELOPMENT,"Intentional homicides (per 100,000 people) 2000-04",..
,Vanuatu,MEDIUM HUMAN DEVELOPMENT,"Intentional homicides (per 100,000 people) 2000-04",0.7
,South Africa,MEDIUM HUMAN DEVELOPMENT,"Intentional homicides (per 100,000 people) 2000-04",47.5
,Tajikistan,MEDIUM HUMAN DEVELOPMENT,"Intentional homicides (per 100,000 people) 2000-04",7.6
,Sao Tome and Principe,MEDIUM HUMAN DEVELOPMENT,"Intentional homicides (per 100,000 people) 2000-04",6.2
,Botswana,MEDIUM HUMAN DEVELOPMENT,"Intentional homicides (per 100,000 people) 2000-04",0.5
,Namibia,MEDIUM HUMAN DEVELOPMENT,"Intentional homicides (per 100,000 people) 2000-04",6.3
,Morocco,MEDIUM HUMAN DEVELOPMENT,"Intentional homicides (per 100,000 people) 2000-04",0.5
,Equatorial Guinea,MEDIUM HUMAN DEVELOPMENT,"Intentional homicides (per 100,000 people) 2000-04",..
,India,MEDIUM HUMAN DEVELOPMENT,"Intentional homicides (per 100,000 people) 2000-04",3.7
,Solomon Islands,MEDIUM HUMAN DEVELOPMENT,"Intentional homicides (per 100,000 people) 2000-04",..
,Lao People's Democratic Republic,MEDIUM HUMAN DEVELOPMENT,"Intentional homicides (per 100,000 people) 2000-04",..
,Cambodia,MEDIUM HUMAN DEVELOPMENT,"Intentional homicides (per 100,000 people) 2000-04",..
,Myanmar,MEDIUM HUMAN DEVELOPMENT,"Intentional homicides (per 100,000 people) 2000-04",0.2
,Bhutan,MEDIUM HUMAN DEVELOPMENT,"Intentional homicides (per 100,000 people) 2000-04",..
,Comoros,MEDIUM HUMAN DEVELOPMENT,"Intentional homicides (per 100,000 people) 2000-04",..
,Ghana,MEDIUM HUMAN DEVELOPMENT,"Intentional homicides (per 100,000 people) 2000-04",..
,Pakistan,MEDIUM HUMAN DEVELOPMENT,"Intentional homicides (per 100,000 people) 2000-04",0
,Mauritania,MEDIUM HUMAN DEVELOPMENT,"Intentional homicides (per 100,000 people) 2000-04",..
,Lesotho,MEDIUM HUMAN DEVELOPMENT,"Intentional homicides (per 100,000 people) 2000-04",50.7
,Congo,MEDIUM HUMAN DEVELOPMENT,"Intentional homicides (per 100,000 people) 2000-04",..
,Bangladesh,MEDIUM HUMAN DEVELOPMENT,"Intentional homicides (per 100,000 people) 2000-04",..
,Swaziland,MEDIUM HUMAN DEVELOPMENT,"Intentional homicides (per 100,000 people) 2000-04",13.6
,Nepal,MEDIUM HUMAN DEVELOPMENT,"Intentional homicides (per 100,000 people) 2000-04",3.4
,Madagascar,MEDIUM HUMAN DEVELOPMENT,"Intentional homicides (per 100,000 people) 2000-04",0.5
,Cameroon,MEDIUM HUMAN DEVELOPMENT,"Intentional homicides (per 100,000 people) 2000-04",..
,Papua New Guinea,MEDIUM HUMAN DEVELOPMENT,"Intentional homicides (per 100,000 people) 2000-04",9.1
,Haiti,MEDIUM HUMAN DEVELOPMENT,"Intentional homicides (per 100,000 people) 2000-04",..
,Sudan,MEDIUM HUMAN DEVELOPMENT,"Intentional homicides (per 100,000 people) 2000-04",0.3
,Kenya,MEDIUM HUMAN DEVELOPMENT,"Intentional homicides (per 100,000 people) 2000-04",..
,Djibouti,MEDIUM HUMAN DEVELOPMENT,"Intentional homicides (per 100,000 people) 2000-04",..
,Timor-Leste,MEDIUM HUMAN DEVELOPMENT,"Intentional homicides (per 100,000 people) 2000-04",..
,Zimbabwe,MEDIUM HUMAN DEVELOPMENT,"Intentional homicides (per 100,000 people) 2000-04",8.4
,Togo,MEDIUM HUMAN DEVELOPMENT,"Intentional homicides (per 100,000 people) 2000-04",..
,Yemen,MEDIUM HUMAN DEVELOPMENT,"Intentional homicides (per 100,000 people) 2000-04",4
,Uganda,MEDIUM HUMAN DEVELOPMENT,"Intentional homicides (per 100,000 people) 2000-04",7.4
,Gambia,MEDIUM HUMAN DEVELOPMENT,"Intentional homicides (per 100,000 people) 2000-04",..
,Senegal,LOW HUMAN DEVELOPMENT,"Intentional homicides (per 100,000 people) 2000-04",..
,Eritrea,LOW HUMAN DEVELOPMENT,"Intentional homicides (per 100,000 people) 2000-04",..
,Nigeria,LOW HUMAN DEVELOPMENT,"Intentional homicides (per 100,000 people) 2000-04",1.5
,Tanzania (United Republic of),LOW HUMAN DEVELOPMENT,"Intentional homicides (per 100,000 people) 2000-04",7.5
,Guinea,LOW HUMAN DEVELOPMENT,"Intentional homicides (per 100,000 people) 2000-04",..
,Rwanda,LOW HUMAN DEVELOPMENT,"Intentional homicides (per 100,000 people) 2000-04",8
,Angola,LOW HUMAN DEVELOPMENT,"Intentional homicides (per 100,000 people) 2000-04",..
,Benin,LOW HUMAN DEVELOPMENT,"Intentional homicides (per 100,000 people) 2000-04",..
,Malawi,LOW HUMAN DEVELOPMENT,"Intentional homicides (per 100,000 people) 2000-04",..
,Zambia,LOW HUMAN DEVELOPMENT,"Intentional homicides (per 100,000 people) 2000-04",8.1
,Côte d'Ivoire,LOW HUMAN DEVELOPMENT,"Intentional homicides (per 100,000 people) 2000-04",4.1
,Burundi,LOW HUMAN DEVELOPMENT,"Intentional homicides (per 100,000 people) 2000-04",..
,Congo (Democratic Republic of the),LOW HUMAN DEVELOPMENT,"Intentional homicides (per 100,000 people) 2000-04",..
,Ethiopia,LOW HUMAN DEVELOPMENT,"Intentional homicides (per 100,000 people) 2000-04",..
,Chad,,"Intentional homicides (per 100,000 people) 2000-04",..
,Central African Republic,,"Intentional homicides (per 100,000 people) 2000-04",..
,Mozambique,,"Intentional homicides (per 100,000 people) 2000-04",..
,Mali,,"Intentional homicides (per 100,000 people) 2000-04",..
,Niger,,"Intentional homicides (per 100,000 people) 2000-04",..
,Guinea-Bissau,,"Intentional homicides (per 100,000 people) 2000-04",..
,Burkina Faso,,"Intentional homicides (per 100,000 people) 2000-04",..
,Sierra Leone,,"Intentional homicides (per 100,000 people) 2000-04",..
,Iceland,HIGH HUMAN DEVELOPMENT,Prison population Total   2007,119
,Norway,HIGH HUMAN DEVELOPMENT,Prison population Total   2007,3048
,Australia,HIGH HUMAN DEVELOPMENT,Prison population Total   2007,25353
,Canada,HIGH HUMAN DEVELOPMENT,Prison population Total   2007,34096
,Ireland,HIGH HUMAN DEVELOPMENT,Prison population Total   2007,3080
,Sweden,HIGH HUMAN DEVELOPMENT,Prison population Total   2007,7450
,Switzerland,HIGH HUMAN DEVELOPMENT,Prison population Total   2007,6111
,Japan,HIGH HUMAN DEVELOPMENT,Prison population Total   2007,79055
,Netherlands,HIGH HUMAN DEVELOPMENT,Prison population Total   2007,21013
,France,HIGH HUMAN DEVELOPMENT,Prison population Total   2007,52009
,Finland,HIGH HUMAN DEVELOPMENT,Prison population Total   2007,3954
,United States,HIGH HUMAN DEVELOPMENT,Prison population Total   2007,2186230
,Spain,HIGH HUMAN DEVELOPMENT,Prison population Total   2007,64215
,Denmark,HIGH HUMAN DEVELOPMENT,Prison population Total   2007,4198
,Austria,HIGH HUMAN DEVELOPMENT,Prison population Total   2007,8766
,United Kingdom,HIGH HUMAN DEVELOPMENT,Prison population Total   2007,88458
,Belgium,HIGH HUMAN DEVELOPMENT,Prison population Total   2007,9597
,Luxembourg,HIGH HUMAN DEVELOPMENT,Prison population Total   2007,768
,New Zealand,HIGH HUMAN DEVELOPMENT,Prison population Total   2007,7620
,Italy,HIGH HUMAN DEVELOPMENT,Prison population Total   2007,61721
,"Hong Kong, China (SAR)",HIGH HUMAN DEVELOPMENT,Prison population Total   2007,11580
,Germany,HIGH HUMAN DEVELOPMENT,Prison population Total   2007,78581
,Israel,HIGH HUMAN DEVELOPMENT,Prison population Total   2007,13909
,Greece,HIGH HUMAN DEVELOPMENT,Prison population Total   2007,9984
,Singapore,HIGH HUMAN DEVELOPMENT,Prison population Total   2007,15038
,Korea (Republic of),HIGH HUMAN DEVELOPMENT,Prison population Total   2007,45882
,Slovenia,HIGH HUMAN DEVELOPMENT,Prison population Total   2007,1301
,Cyprus,HIGH HUMAN DEVELOPMENT,Prison population Total   2007,580
,Portugal,HIGH HUMAN DEVELOPMENT,Prison population Total   2007,12870
,Brunei Darussalam,HIGH HUMAN DEVELOPMENT,Prison population Total   2007,529
,Barbados,HIGH HUMAN DEVELOPMENT,Prison population Total   2007,997
,Czech Republic,HIGH HUMAN DEVELOPMENT,Prison population Total   2007,18950
,Kuwait,HIGH HUMAN DEVELOPMENT,Prison population Total   2007,3500
,Malta,HIGH HUMAN DEVELOPMENT,Prison population Total   2007,352
,Qatar,HIGH HUMAN DEVELOPMENT,Prison population Total   2007,465
,Hungary,HIGH HUMAN DEVELOPMENT,Prison population Total   2007,15720
,Poland,HIGH HUMAN DEVELOPMENT,Prison population Total   2007,87901
,Argentina,HIGH HUMAN DEVELOPMENT,Prison population Total   2007,54472
,United Arab Emirates,HIGH HUMAN DEVELOPMENT,Prison population Total   2007,8927
,Chile,HIGH HUMAN DEVELOPMENT,Prison population Total   2007,39916
,Bahrain,HIGH HUMAN DEVELOPMENT,Prison population Total   2007,701
,Slovakia,HIGH HUMAN DEVELOPMENT,Prison population Total   2007,8493
,Lithuania,HIGH HUMAN DEVELOPMENT,Prison population Total   2007,8124
,Estonia,HIGH HUMAN DEVELOPMENT,Prison population Total   2007,4463
,Latvia,HIGH HUMAN DEVELOPMENT,Prison population Total   2007,6676
,Uruguay,HIGH HUMAN DEVELOPMENT,Prison population Total   2007,6947
,Croatia,HIGH HUMAN DEVELOPMENT,Prison population Total   2007,3594
,Costa Rica,HIGH HUMAN DEVELOPMENT,Prison population Total   2007,7782
,Bahamas,HIGH HUMAN DEVELOPMENT,Prison population Total   2007,1500
,Seychelles,HIGH HUMAN DEVELOPMENT,Prison population Total   2007,193
,Cuba,HIGH HUMAN DEVELOPMENT,Prison population Total   2007,55000
,Mexico,HIGH HUMAN DEVELOPMENT,Prison population Total   2007,214450
,Bulgaria,HIGH HUMAN DEVELOPMENT,Prison population Total   2007,11436
,Saint Kitts and Nevis,HIGH HUMAN DEVELOPMENT,Prison population Total   2007,214
,Tonga,HIGH HUMAN DEVELOPMENT,Prison population Total   2007,128
,Libyan Arab Jamahiriya,HIGH HUMAN DEVELOPMENT,Prison population Total   2007,11790
,Antigua and Barbuda,HIGH HUMAN DEVELOPMENT,Prison population Total   2007,176
,Oman,HIGH HUMAN DEVELOPMENT,Prison population Total   2007,2020
,Trinidad and Tobago,HIGH HUMAN DEVELOPMENT,Prison population Total   2007,3851
,Romania,HIGH HUMAN DEVELOPMENT,Prison population Total   2007,35429
,Saudi Arabia,HIGH HUMAN DEVELOPMENT,Prison population Total   2007,28612
,Panama,HIGH HUMAN DEVELOPMENT,Prison population Total   2007,11649
,Malaysia,HIGH HUMAN DEVELOPMENT,Prison population Total   2007,35644
,Belarus,HIGH HUMAN DEVELOPMENT,Prison population Total   2007,41583
,Mauritius,HIGH HUMAN DEVELOPMENT,Prison population Total   2007,2464
,Bosnia and Herzegovina,HIGH HUMAN DEVELOPMENT,Prison population Total   2007,1526
,Russian Federation,HIGH HUMAN DEVELOPMENT,Prison population Total   2007,869814
,Albania,HIGH HUMAN DEVELOPMENT,Prison population Total   2007,3491
,Macedonia (TFYR),HIGH HUMAN DEVELOPMENT,Prison population Total   2007,2026
,Brazil,HIGH HUMAN DEVELOPMENT,Prison population Total   2007,361402
,Dominica,MEDIUM HUMAN DEVELOPMENT,Prison population Total   2007,289
,Saint Lucia,MEDIUM HUMAN DEVELOPMENT,Prison population Total   2007,503
,Kazakhstan,MEDIUM HUMAN DEVELOPMENT,Prison population Total   2007,49292
,Venezuela (Bolivarian Republic of),MEDIUM HUMAN DEVELOPMENT,Prison population Total   2007,19853
,Colombia,MEDIUM HUMAN DEVELOPMENT,Prison population Total   2007,62216
,Ukraine,MEDIUM HUMAN DEVELOPMENT,Prison population Total   2007,165716
,Samoa,MEDIUM HUMAN DEVELOPMENT,Prison population Total   2007,223
,Thailand,MEDIUM HUMAN DEVELOPMENT,Prison population Total   2007,164443
,Dominican Republic,MEDIUM HUMAN DEVELOPMENT,Prison population Total   2007,12725
,Belize,MEDIUM HUMAN DEVELOPMENT,Prison population Total   2007,1359
,China,MEDIUM HUMAN DEVELOPMENT,Prison population Total   2007,1548498
,Grenada,MEDIUM HUMAN DEVELOPMENT,Prison population Total   2007,237
,Armenia,MEDIUM HUMAN DEVELOPMENT,Prison population Total   2007,2879
,Turkey,MEDIUM HUMAN DEVELOPMENT,Prison population Total   2007,65458
,Suriname,MEDIUM HUMAN DEVELOPMENT,Prison population Total   2007,1600
,Jordan,MEDIUM HUMAN DEVELOPMENT,Prison population Total   2007,5589
,Peru,MEDIUM HUMAN DEVELOPMENT,Prison population Total   2007,35642
,Lebanon,MEDIUM HUMAN DEVELOPMENT,Prison population Total   2007,5971
,Ecuador,MEDIUM HUMAN DEVELOPMENT,Prison population Total   2007,12251
,Philippines,MEDIUM HUMAN DEVELOPMENT,Prison population Total   2007,89639
,Tunisia,MEDIUM HUMAN DEVELOPMENT,Prison population Total   2007,26000
,Fiji,MEDIUM HUMAN DEVELOPMENT,Prison population Total   2007,1113
,Saint Vincent and the Grenadines,MEDIUM HUMAN DEVELOPMENT,Prison population Total   2007,367
,Iran (Islamic Republic of),MEDIUM HUMAN DEVELOPMENT,Prison population Total   2007,147926
,Paraguay,MEDIUM HUMAN DEVELOPMENT,Prison population Total   2007,5063
,Georgia,MEDIUM HUMAN DEVELOPMENT,Prison population Total   2007,11731
,Guyana,MEDIUM HUMAN DEVELOPMENT,Prison population Total   2007,1524
,Azerbaijan,MEDIUM HUMAN DEVELOPMENT,Prison population Total   2007,18259
,Sri Lanka,MEDIUM HUMAN DEVELOPMENT,Prison population Total   2007,23613
,Maldives,MEDIUM HUMAN DEVELOPMENT,Prison population Total   2007,1125
,Jamaica,MEDIUM HUMAN DEVELOPMENT,Prison population Total   2007,4913
,Cape Verde,MEDIUM HUMAN DEVELOPMENT,Prison population Total   2007,755
,El Salvador,MEDIUM HUMAN DEVELOPMENT,Prison population Total   2007,12176
,Algeria,MEDIUM HUMAN DEVELOPMENT,Prison population Total   2007,42000
,Viet Nam,MEDIUM HUMAN DEVELOPMENT,Prison population Total   2007,88414
,Occupied Palestinian Territories,MEDIUM HUMAN DEVELOPMENT,Prison population Total   2007,..
,Indonesia,MEDIUM HUMAN DEVELOPMENT,Prison population Total   2007,99946
,Syrian Arab Republic,MEDIUM HUMAN DEVELOPMENT,Prison population Total   2007,10599
,Turkmenistan,MEDIUM HUMAN DEVELOPMENT,Prison population Total   2007,22000
,Nicaragua,MEDIUM HUMAN DEVELOPMENT,Prison population Total   2007,5610
,Moldova,MEDIUM HUMAN DEVELOPMENT,Prison population Total   2007,8876
,Egypt,MEDIUM HUMAN DEVELOPMENT,Prison population Total   2007,61845
,Uzbekistan,MEDIUM HUMAN DEVELOPMENT,Prison population Total   2007,48000
,Mongolia,MEDIUM HUMAN DEVELOPMENT,Prison population Total   2007,6998
,Honduras,MEDIUM HUMAN DEVELOPMENT,Prison population Total   2007,11589
,Kyrgyzstan,MEDIUM HUMAN DEVELOPMENT,Prison population Total   2007,15744
,Bolivia,MEDIUM HUMAN DEVELOPMENT,Prison population Total   2007,7710
,Guatemala,MEDIUM HUMAN DEVELOPMENT,Prison population Total   2007,7227
,Gabon,MEDIUM HUMAN DEVELOPMENT,Prison population Total   2007,2750
,Vanuatu,MEDIUM HUMAN DEVELOPMENT,Prison population Total   2007,138
,South Africa,MEDIUM HUMAN DEVELOPMENT,Prison population Total   2007,157402
,Tajikistan,MEDIUM HUMAN DEVELOPMENT,Prison population Total   2007,10804
,Sao Tome and Principe,MEDIUM HUMAN DEVELOPMENT,Prison population Total   2007,155
,Botswana,MEDIUM HUMAN DEVELOPMENT,Prison population Total   2007,6259
,Namibia,MEDIUM HUMAN DEVELOPMENT,Prison population Total   2007,4814
,Morocco,MEDIUM HUMAN DEVELOPMENT,Prison population Total   2007,54542
,Equatorial Guinea,MEDIUM HUMAN DEVELOPMENT,Prison population Total   2007,..
,India,MEDIUM HUMAN DEVELOPMENT,Prison population Total   2007,332112
,Solomon Islands,MEDIUM HUMAN DEVELOPMENT,Prison population Total   2007,297
,Lao People's Democratic Republic,MEDIUM HUMAN DEVELOPMENT,Prison population Total   2007,4020
,Cambodia,MEDIUM HUMAN DEVELOPMENT,Prison population Total   2007,8160
,Myanmar,MEDIUM HUMAN DEVELOPMENT,Prison population Total   2007,60000
,Bhutan,MEDIUM HUMAN DEVELOPMENT,Prison population Total   2007,..
,Comoros,MEDIUM HUMAN DEVELOPMENT,Prison population Total   2007,200
,Ghana,MEDIUM HUMAN DEVELOPMENT,Prison population Total   2007,12736
,Pakistan,MEDIUM HUMAN DEVELOPMENT,Prison population Total   2007,89370
,Mauritania,MEDIUM HUMAN DEVELOPMENT,Prison population Total   2007,815
,Lesotho,MEDIUM HUMAN DEVELOPMENT,Prison population Total   2007,2924
,Congo,MEDIUM HUMAN DEVELOPMENT,Prison population Total   2007,918
,Bangladesh,MEDIUM HUMAN DEVELOPMENT,Prison population Total   2007,71200
,Swaziland,MEDIUM HUMAN DEVELOPMENT,Prison population Total   2007,2734
,Nepal,MEDIUM HUMAN DEVELOPMENT,Prison population Total   2007,7135
,Madagascar,MEDIUM HUMAN DEVELOPMENT,Prison population Total   2007,20294
,Cameroon,MEDIUM HUMAN DEVELOPMENT,Prison population Total   2007,20000
,Papua New Guinea,MEDIUM HUMAN DEVELOPMENT,Prison population Total   2007,4056
,Haiti,MEDIUM HUMAN DEVELOPMENT,Prison population Total   2007,3670
,Sudan,MEDIUM HUMAN DEVELOPMENT,Prison population Total   2007,12000
,Kenya,MEDIUM HUMAN DEVELOPMENT,Prison population Total   2007,47036
,Djibouti,MEDIUM HUMAN DEVELOPMENT,Prison population Total   2007,384
,Timor-Leste,MEDIUM HUMAN DEVELOPMENT,Prison population Total   2007,320
,Zimbabwe,MEDIUM HUMAN DEVELOPMENT,Prison population Total   2007,18033
,Togo,MEDIUM HUMAN DEVELOPMENT,Prison population Total   2007,3200
,Yemen,MEDIUM HUMAN DEVELOPMENT,Prison population Total   2007,14000
,Uganda,MEDIUM HUMAN DEVELOPMENT,Prison population Total   2007,26126
,Gambia,MEDIUM HUMAN DEVELOPMENT,Prison population Total   2007,450
,Senegal,LOW HUMAN DEVELOPMENT,Prison population Total   2007,5360
,Eritrea,LOW HUMAN DEVELOPMENT,Prison population Total   2007,..
,Nigeria,LOW HUMAN DEVELOPMENT,Prison population Total   2007,40444
,Tanzania (United Republic of),LOW HUMAN DEVELOPMENT,Prison population Total   2007,43911
,Guinea,LOW HUMAN DEVELOPMENT,Prison population Total   2007,3070
,Rwanda,LOW HUMAN DEVELOPMENT,Prison population Total   2007,67000
,Angola,LOW HUMAN DEVELOPMENT,Prison population Total   2007,6008
,Benin,LOW HUMAN DEVELOPMENT,Prison population Total   2007,5834
,Malawi,LOW HUMAN DEVELOPMENT,Prison population Total   2007,9656
,Zambia,LOW HUMAN DEVELOPMENT,Prison population Total   2007,14347
,Côte d'Ivoire,LOW HUMAN DEVELOPMENT,Prison population Total   2007,9274
,Burundi,LOW HUMAN DEVELOPMENT,Prison population Total   2007,7969
,Congo (Democratic Republic of the),LOW HUMAN DEVELOPMENT,Prison population Total   2007,30000
,Ethiopia,LOW HUMAN DEVELOPMENT,Prison population Total   2007,65000
,Chad,,Prison population Total   2007,3416
,Central African Republic,,Prison population Total   2007,4168
,Mozambique,,Prison population Total   2007,10000
,Mali,,Prison population Total   2007,4407
,Niger,,Prison population Total   2007,5709
,Guinea-Bissau,,Prison population Total   2007,..
,Burkina Faso,,Prison population Total   2007,2800
,Sierra Leone,,Prison population Total   2007,1740
,Iceland,HIGH HUMAN DEVELOPMENT,"Prison population (per 100,000 people) 2007",40
,Norway,HIGH HUMAN DEVELOPMENT,"Prison population (per 100,000 people) 2007",66
,Australia,HIGH HUMAN DEVELOPMENT,"Prison population (per 100,000 people) 2007",126
,Canada,HIGH HUMAN DEVELOPMENT,"Prison population (per 100,000 people) 2007",107
,Ireland,HIGH HUMAN DEVELOPMENT,"Prison population (per 100,000 people) 2007",72
,Sweden,HIGH HUMAN DEVELOPMENT,"Prison population (per 100,000 people) 2007",82
,Switzerland,HIGH HUMAN DEVELOPMENT,"Prison population (per 100,000 people) 2007",83
,Japan,HIGH HUMAN DEVELOPMENT,"Prison population (per 100,000 people) 2007",62
,Netherlands,HIGH HUMAN DEVELOPMENT,"Prison population (per 100,000 people) 2007",128
,France,HIGH HUMAN DEVELOPMENT,"Prison population (per 100,000 people) 2007",85
,Finland,HIGH HUMAN DEVELOPMENT,"Prison population (per 100,000 people) 2007",75
,United States,HIGH HUMAN DEVELOPMENT,"Prison population (per 100,000 people) 2007",738
,Spain,HIGH HUMAN DEVELOPMENT,"Prison population (per 100,000 people) 2007",145
,Denmark,HIGH HUMAN DEVELOPMENT,"Prison population (per 100,000 people) 2007",77
,Austria,HIGH HUMAN DEVELOPMENT,"Prison population (per 100,000 people) 2007",105
,United Kingdom,HIGH HUMAN DEVELOPMENT,"Prison population (per 100,000 people) 2007",124
,Belgium,HIGH HUMAN DEVELOPMENT,"Prison population (per 100,000 people) 2007",91
,Luxembourg,HIGH HUMAN DEVELOPMENT,"Prison population (per 100,000 people) 2007",167
,New Zealand,HIGH HUMAN DEVELOPMENT,"Prison population (per 100,000 people) 2007",186
,Italy,HIGH HUMAN DEVELOPMENT,"Prison population (per 100,000 people) 2007",104
,"Hong Kong, China (SAR)",HIGH HUMAN DEVELOPMENT,"Prison population (per 100,000 people) 2007",168
,Germany,HIGH HUMAN DEVELOPMENT,"Prison population (per 100,000 people) 2007",95
,Israel,HIGH HUMAN DEVELOPMENT,"Prison population (per 100,000 people) 2007",209
,Greece,HIGH HUMAN DEVELOPMENT,"Prison population (per 100,000 people) 2007",90
,Singapore,HIGH HUMAN DEVELOPMENT,"Prison population (per 100,000 people) 2007",350
,Korea (Republic of),HIGH HUMAN DEVELOPMENT,"Prison population (per 100,000 people) 2007",97
,Slovenia,HIGH HUMAN DEVELOPMENT,"Prison population (per 100,000 people) 2007",65
,Cyprus,HIGH HUMAN DEVELOPMENT,"Prison population (per 100,000 people) 2007",76
,Portugal,HIGH HUMAN DEVELOPMENT,"Prison population (per 100,000 people) 2007",121
,Brunei Darussalam,HIGH HUMAN DEVELOPMENT,"Prison population (per 100,000 people) 2007",140
,Barbados,HIGH HUMAN DEVELOPMENT,"Prison population (per 100,000 people) 2007",367
,Czech Republic,HIGH HUMAN DEVELOPMENT,"Prison population (per 100,000 people) 2007",185
,Kuwait,HIGH HUMAN DEVELOPMENT,"Prison population (per 100,000 people) 2007",130
,Malta,HIGH HUMAN DEVELOPMENT,"Prison population (per 100,000 people) 2007",86
,Qatar,HIGH HUMAN DEVELOPMENT,"Prison population (per 100,000 people) 2007",55
,Hungary,HIGH HUMAN DEVELOPMENT,"Prison population (per 100,000 people) 2007",156
,Poland,HIGH HUMAN DEVELOPMENT,"Prison population (per 100,000 people) 2007",230
,Argentina,HIGH HUMAN DEVELOPMENT,"Prison population (per 100,000 people) 2007",140
,United Arab Emirates,HIGH HUMAN DEVELOPMENT,"Prison population (per 100,000 people) 2007",288
,Chile,HIGH HUMAN DEVELOPMENT,"Prison population (per 100,000 people) 2007",240
,Bahrain,HIGH HUMAN DEVELOPMENT,"Prison population (per 100,000 people) 2007",95
,Slovakia,HIGH HUMAN DEVELOPMENT,"Prison population (per 100,000 people) 2007",158
,Lithuania,HIGH HUMAN DEVELOPMENT,"Prison population (per 100,000 people) 2007",240
,Estonia,HIGH HUMAN DEVELOPMENT,"Prison population (per 100,000 people) 2007",333
,Latvia,HIGH HUMAN DEVELOPMENT,"Prison population (per 100,000 people) 2007",292
,Uruguay,HIGH HUMAN DEVELOPMENT,"Prison population (per 100,000 people) 2007",193
,Croatia,HIGH HUMAN DEVELOPMENT,"Prison population (per 100,000 people) 2007",81
,Costa Rica,HIGH HUMAN DEVELOPMENT,"Prison population (per 100,000 people) 2007",181
,Bahamas,HIGH HUMAN DEVELOPMENT,"Prison population (per 100,000 people) 2007",462
,Seychelles,HIGH HUMAN DEVELOPMENT,"Prison population (per 100,000 people) 2007",239
,Cuba,HIGH HUMAN DEVELOPMENT,"Prison population (per 100,000 people) 2007",487
,Mexico,HIGH HUMAN DEVELOPMENT,"Prison population (per 100,000 people) 2007",196
,Bulgaria,HIGH HUMAN DEVELOPMENT,"Prison population (per 100,000 people) 2007",148
,Saint Kitts and Nevis,HIGH HUMAN DEVELOPMENT,"Prison population (per 100,000 people) 2007",547
,Tonga,HIGH HUMAN DEVELOPMENT,"Prison population (per 100,000 people) 2007",114
,Libyan Arab Jamahiriya,HIGH HUMAN DEVELOPMENT,"Prison population (per 100,000 people) 2007",207
,Antigua and Barbuda,HIGH HUMAN DEVELOPMENT,"Prison population (per 100,000 people) 2007",225
,Oman,HIGH HUMAN DEVELOPMENT,"Prison population (per 100,000 people) 2007",81
,Trinidad and Tobago,HIGH HUMAN DEVELOPMENT,"Prison population (per 100,000 people) 2007",296
,Romania,HIGH HUMAN DEVELOPMENT,"Prison population (per 100,000 people) 2007",164
,Saudi Arabia,HIGH HUMAN DEVELOPMENT,"Prison population (per 100,000 people) 2007",132
,Panama,HIGH HUMAN DEVELOPMENT,"Prison population (per 100,000 people) 2007",364
,Malaysia,HIGH HUMAN DEVELOPMENT,"Prison population (per 100,000 people) 2007",141
,Belarus,HIGH HUMAN DEVELOPMENT,"Prison population (per 100,000 people) 2007",426
,Mauritius,HIGH HUMAN DEVELOPMENT,"Prison population (per 100,000 people) 2007",205
,Bosnia and Herzegovina,HIGH HUMAN DEVELOPMENT,"Prison population (per 100,000 people) 2007",59
,Russian Federation,HIGH HUMAN DEVELOPMENT,"Prison population (per 100,000 people) 2007",611
,Albania,HIGH HUMAN DEVELOPMENT,"Prison population (per 100,000 people) 2007",111
,Macedonia (TFYR),HIGH HUMAN DEVELOPMENT,"Prison population (per 100,000 people) 2007",99
,Brazil,HIGH HUMAN DEVELOPMENT,"Prison population (per 100,000 people) 2007",191
,Dominica,MEDIUM HUMAN DEVELOPMENT,"Prison population (per 100,000 people) 2007",419
,Saint Lucia,MEDIUM HUMAN DEVELOPMENT,"Prison population (per 100,000 people) 2007",303
,Kazakhstan,MEDIUM HUMAN DEVELOPMENT,"Prison population (per 100,000 people) 2007",340
,Venezuela (Bolivarian Republic of),MEDIUM HUMAN DEVELOPMENT,"Prison population (per 100,000 people) 2007",74
,Colombia,MEDIUM HUMAN DEVELOPMENT,"Prison population (per 100,000 people) 2007",134
,Ukraine,MEDIUM HUMAN DEVELOPMENT,"Prison population (per 100,000 people) 2007",356
,Samoa,MEDIUM HUMAN DEVELOPMENT,"Prison population (per 100,000 people) 2007",123
,Thailand,MEDIUM HUMAN DEVELOPMENT,"Prison population (per 100,000 people) 2007",256
,Dominican Republic,MEDIUM HUMAN DEVELOPMENT,"Prison population (per 100,000 people) 2007",143
,Belize,MEDIUM HUMAN DEVELOPMENT,"Prison population (per 100,000 people) 2007",487
,China,MEDIUM HUMAN DEVELOPMENT,"Prison population (per 100,000 people) 2007",118
,Grenada,MEDIUM HUMAN DEVELOPMENT,"Prison population (per 100,000 people) 2007",265
,Armenia,MEDIUM HUMAN DEVELOPMENT,"Prison population (per 100,000 people) 2007",89
,Turkey,MEDIUM HUMAN DEVELOPMENT,"Prison population (per 100,000 people) 2007",91
,Suriname,MEDIUM HUMAN DEVELOPMENT,"Prison population (per 100,000 people) 2007",356
,Jordan,MEDIUM HUMAN DEVELOPMENT,"Prison population (per 100,000 people) 2007",104
,Peru,MEDIUM HUMAN DEVELOPMENT,"Prison population (per 100,000 people) 2007",126
,Lebanon,MEDIUM HUMAN DEVELOPMENT,"Prison population (per 100,000 people) 2007",168
,Ecuador,MEDIUM HUMAN DEVELOPMENT,"Prison population (per 100,000 people) 2007",93
,Philippines,MEDIUM HUMAN DEVELOPMENT,"Prison population (per 100,000 people) 2007",108
,Tunisia,MEDIUM HUMAN DEVELOPMENT,"Prison population (per 100,000 people) 2007",263
,Fiji,MEDIUM HUMAN DEVELOPMENT,"Prison population (per 100,000 people) 2007",131
,Saint Vincent and the Grenadines,MEDIUM HUMAN DEVELOPMENT,"Prison population (per 100,000 people) 2007",312
,Iran (Islamic Republic of),MEDIUM HUMAN DEVELOPMENT,"Prison population (per 100,000 people) 2007",214
,Paraguay,MEDIUM HUMAN DEVELOPMENT,"Prison population (per 100,000 people) 2007",86
,Georgia,MEDIUM HUMAN DEVELOPMENT,"Prison population (per 100,000 people) 2007",276
,Guyana,MEDIUM HUMAN DEVELOPMENT,"Prison population (per 100,000 people) 2007",199
,Azerbaijan,MEDIUM HUMAN DEVELOPMENT,"Prison population (per 100,000 people) 2007",219
,Sri Lanka,MEDIUM HUMAN DEVELOPMENT,"Prison population (per 100,000 people) 2007",114
,Maldives,MEDIUM HUMAN DEVELOPMENT,"Prison population (per 100,000 people) 2007",343
,Jamaica,MEDIUM HUMAN DEVELOPMENT,"Prison population (per 100,000 people) 2007",182
,Cape Verde,MEDIUM HUMAN DEVELOPMENT,"Prison population (per 100,000 people) 2007",178
,El Salvador,MEDIUM HUMAN DEVELOPMENT,"Prison population (per 100,000 people) 2007",174
,Algeria,MEDIUM HUMAN DEVELOPMENT,"Prison population (per 100,000 people) 2007",127
,Viet Nam,MEDIUM HUMAN DEVELOPMENT,"Prison population (per 100,000 people) 2007",105
,Occupied Palestinian Territories,MEDIUM HUMAN DEVELOPMENT,"Prison population (per 100,000 people) 2007",..
,Indonesia,MEDIUM HUMAN DEVELOPMENT,"Prison population (per 100,000 people) 2007",45
,Syrian Arab Republic,MEDIUM HUMAN DEVELOPMENT,"Prison population (per 100,000 people) 2007",58
,Turkmenistan,MEDIUM HUMAN DEVELOPMENT,"Prison population (per 100,000 people) 2007",489
,Nicaragua,MEDIUM HUMAN DEVELOPMENT,"Prison population (per 100,000 people) 2007",98
,Moldova,MEDIUM HUMAN DEVELOPMENT,"Prison population (per 100,000 people) 2007",247
,Egypt,MEDIUM HUMAN DEVELOPMENT,"Prison population (per 100,000 people) 2007",87
,Uzbekistan,MEDIUM HUMAN DEVELOPMENT,"Prison population (per 100,000 people) 2007",184
,Mongolia,MEDIUM HUMAN DEVELOPMENT,"Prison population (per 100,000 people) 2007",269
,Honduras,MEDIUM HUMAN DEVELOPMENT,"Prison population (per 100,000 people) 2007",161
,Kyrgyzstan,MEDIUM HUMAN DEVELOPMENT,"Prison population (per 100,000 people) 2007",292
,Bolivia,MEDIUM HUMAN DEVELOPMENT,"Prison population (per 100,000 people) 2007",83
,Guatemala,MEDIUM HUMAN DEVELOPMENT,"Prison population (per 100,000 people) 2007",57
,Gabon,MEDIUM HUMAN DEVELOPMENT,"Prison population (per 100,000 people) 2007",212
,Vanuatu,MEDIUM HUMAN DEVELOPMENT,"Prison population (per 100,000 people) 2007",65
,South Africa,MEDIUM HUMAN DEVELOPMENT,"Prison population (per 100,000 people) 2007",335
,Tajikistan,MEDIUM HUMAN DEVELOPMENT,"Prison population (per 100,000 people) 2007",164
,Sao Tome and Principe,MEDIUM HUMAN DEVELOPMENT,"Prison population (per 100,000 people) 2007",82
,Botswana,MEDIUM HUMAN DEVELOPMENT,"Prison population (per 100,000 people) 2007",348
,Namibia,MEDIUM HUMAN DEVELOPMENT,"Prison population (per 100,000 people) 2007",267
,Morocco,MEDIUM HUMAN DEVELOPMENT,"Prison population (per 100,000 people) 2007",175
,Equatorial Guinea,MEDIUM HUMAN DEVELOPMENT,"Prison population (per 100,000 people) 2007",..
,India,MEDIUM HUMAN DEVELOPMENT,"Prison population (per 100,000 people) 2007",30
,Solomon Islands,MEDIUM HUMAN DEVELOPMENT,"Prison population (per 100,000 people) 2007",62
,Lao People's Democratic Republic,MEDIUM HUMAN DEVELOPMENT,"Prison population (per 100,000 people) 2007",69
,Cambodia,MEDIUM HUMAN DEVELOPMENT,"Prison population (per 100,000 people) 2007",58
,Myanmar,MEDIUM HUMAN DEVELOPMENT,"Prison population (per 100,000 people) 2007",120
,Bhutan,MEDIUM HUMAN DEVELOPMENT,"Prison population (per 100,000 people) 2007",..
,Comoros,MEDIUM HUMAN DEVELOPMENT,"Prison population (per 100,000 people) 2007",30
,Ghana,MEDIUM HUMAN DEVELOPMENT,"Prison population (per 100,000 people) 2007",55
,Pakistan,MEDIUM HUMAN DEVELOPMENT,"Prison population (per 100,000 people) 2007",57
,Mauritania,MEDIUM HUMAN DEVELOPMENT,"Prison population (per 100,000 people) 2007",26
,Lesotho,MEDIUM HUMAN DEVELOPMENT,"Prison population (per 100,000 people) 2007",156
,Congo,MEDIUM HUMAN DEVELOPMENT,"Prison population (per 100,000 people) 2007",38
,Bangladesh,MEDIUM HUMAN DEVELOPMENT,"Prison population (per 100,000 people) 2007",50
,Swaziland,MEDIUM HUMAN DEVELOPMENT,"Prison population (per 100,000 people) 2007",249
,Nepal,MEDIUM HUMAN DEVELOPMENT,"Prison population (per 100,000 people) 2007",26
,Madagascar,MEDIUM HUMAN DEVELOPMENT,"Prison population (per 100,000 people) 2007",107
,Cameroon,MEDIUM HUMAN DEVELOPMENT,"Prison population (per 100,000 people) 2007",125
,Papua New Guinea,MEDIUM HUMAN DEVELOPMENT,"Prison population (per 100,000 people) 2007",69
,Haiti,MEDIUM HUMAN DEVELOPMENT,"Prison population (per 100,000 people) 2007",43
,Sudan,MEDIUM HUMAN DEVELOPMENT,"Prison population (per 100,000 people) 2007",36
,Kenya,MEDIUM HUMAN DEVELOPMENT,"Prison population (per 100,000 people) 2007",130
,Djibouti,MEDIUM HUMAN DEVELOPMENT,"Prison population (per 100,000 people) 2007",61
,Timor-Leste,MEDIUM HUMAN DEVELOPMENT,"Prison population (per 100,000 people) 2007",41
,Zimbabwe,MEDIUM HUMAN DEVELOPMENT,"Prison population (per 100,000 people) 2007",139
,Togo,MEDIUM HUMAN DEVELOPMENT,"Prison population (per 100,000 people) 2007",65
,Yemen,MEDIUM HUMAN DEVELOPMENT,"Prison population (per 100,000 people) 2007",83
,Uganda,MEDIUM HUMAN DEVELOPMENT,"Prison population (per 100,000 people) 2007",95
,Gambia,MEDIUM HUMAN DEVELOPMENT,"Prison population (per 100,000 people) 2007",32
,Senegal,LOW HUMAN DEVELOPMENT,"Prison population (per 100,000 people) 2007",54
,Eritrea,LOW HUMAN DEVELOPMENT,"Prison population (per 100,000 people) 2007",..
,Nigeria,LOW HUMAN DEVELOPMENT,"Prison population (per 100,000 people) 2007",30
,Tanzania (United Republic of),LOW HUMAN DEVELOPMENT,"Prison population (per 100,000 people) 2007",113
,Guinea,LOW HUMAN DEVELOPMENT,"Prison population (per 100,000 people) 2007",37
,Rwanda,LOW HUMAN DEVELOPMENT,"Prison population (per 100,000 people) 2007",691
,Angola,LOW HUMAN DEVELOPMENT,"Prison population (per 100,000 people) 2007",44
,Benin,LOW HUMAN DEVELOPMENT,"Prison population (per 100,000 people) 2007",75
,Malawi,LOW HUMAN DEVELOPMENT,"Prison population (per 100,000 people) 2007",74
,Zambia,LOW HUMAN DEVELOPMENT,"Prison population (per 100,000 people) 2007",120
,Côte d'Ivoire,LOW HUMAN DEVELOPMENT,"Prison population (per 100,000 people) 2007",49
,Burundi,LOW HUMAN DEVELOPMENT,"Prison population (per 100,000 people) 2007",106
,Congo (Democratic Republic of the),LOW HUMAN DEVELOPMENT,"Prison population (per 100,000 people) 2007",57
,Ethiopia,LOW HUMAN DEVELOPMENT,"Prison population (per 100,000 people) 2007",92
,Chad,,"Prison population (per 100,000 people) 2007",35
,Central African Republic,,"Prison population (per 100,000 people) 2007",110
,Mozambique,,"Prison population (per 100,000 people) 2007",51
,Mali,,"Prison population (per 100,000 people) 2007",33
,Niger,,"Prison population (per 100,000 people) 2007",46
,Guinea-Bissau,,"Prison population (per 100,000 people) 2007",..
,Burkina Faso,,"Prison population (per 100,000 people) 2007",23
,Sierra Leone,,"Prison population (per 100,000 people) 2007",32
,Iceland,HIGH HUMAN DEVELOPMENT,Prison population     Female       (% of total)  2007,6
,Norway,HIGH HUMAN DEVELOPMENT,Prison population     Female       (% of total)  2007,5
,Australia,HIGH HUMAN DEVELOPMENT,Prison population     Female       (% of total)  2007,7
,Canada,HIGH HUMAN DEVELOPMENT,Prison population     Female       (% of total)  2007,5
,Ireland,HIGH HUMAN DEVELOPMENT,Prison population     Female       (% of total)  2007,4
,Sweden,HIGH HUMAN DEVELOPMENT,Prison population     Female       (% of total)  2007,5
,Switzerland,HIGH HUMAN DEVELOPMENT,Prison population     Female       (% of total)  2007,5
,Japan,HIGH HUMAN DEVELOPMENT,Prison population     Female       (% of total)  2007,6
,Netherlands,HIGH HUMAN DEVELOPMENT,Prison population     Female       (% of total)  2007,9
,France,HIGH HUMAN DEVELOPMENT,Prison population     Female       (% of total)  2007,4
,Finland,HIGH HUMAN DEVELOPMENT,Prison population     Female       (% of total)  2007,6
,United States,HIGH HUMAN DEVELOPMENT,Prison population     Female       (% of total)  2007,9
,Spain,HIGH HUMAN DEVELOPMENT,Prison population     Female       (% of total)  2007,8
,Denmark,HIGH HUMAN DEVELOPMENT,Prison population     Female       (% of total)  2007,5
,Austria,HIGH HUMAN DEVELOPMENT,Prison population     Female       (% of total)  2007,5
,United Kingdom,HIGH HUMAN DEVELOPMENT,Prison population     Female       (% of total)  2007,6
,Belgium,HIGH HUMAN DEVELOPMENT,Prison population     Female       (% of total)  2007,4
,Luxembourg,HIGH HUMAN DEVELOPMENT,Prison population     Female       (% of total)  2007,5
,New Zealand,HIGH HUMAN DEVELOPMENT,Prison population     Female       (% of total)  2007,6
,Italy,HIGH HUMAN DEVELOPMENT,Prison population     Female       (% of total)  2007,5
,"Hong Kong, China (SAR)",HIGH HUMAN DEVELOPMENT,Prison population     Female       (% of total)  2007,20
,Germany,HIGH HUMAN DEVELOPMENT,Prison population     Female       (% of total)  2007,5
,Israel,HIGH HUMAN DEVELOPMENT,Prison population     Female       (% of total)  2007,2
,Greece,HIGH HUMAN DEVELOPMENT,Prison population     Female       (% of total)  2007,6
,Singapore,HIGH HUMAN DEVELOPMENT,Prison population     Female       (% of total)  2007,11
,Korea (Republic of),HIGH HUMAN DEVELOPMENT,Prison population     Female       (% of total)  2007,5
,Slovenia,HIGH HUMAN DEVELOPMENT,Prison population     Female       (% of total)  2007,4
,Cyprus,HIGH HUMAN DEVELOPMENT,Prison population     Female       (% of total)  2007,3
,Portugal,HIGH HUMAN DEVELOPMENT,Prison population     Female       (% of total)  2007,7
,Brunei Darussalam,HIGH HUMAN DEVELOPMENT,Prison population     Female       (% of total)  2007,8
,Barbados,HIGH HUMAN DEVELOPMENT,Prison population     Female       (% of total)  2007,5
,Czech Republic,HIGH HUMAN DEVELOPMENT,Prison population     Female       (% of total)  2007,5
,Kuwait,HIGH HUMAN DEVELOPMENT,Prison population     Female       (% of total)  2007,15
,Malta,HIGH HUMAN DEVELOPMENT,Prison population     Female       (% of total)  2007,4
,Qatar,HIGH HUMAN DEVELOPMENT,Prison population     Female       (% of total)  2007,1
,Hungary,HIGH HUMAN DEVELOPMENT,Prison population     Female       (% of total)  2007,6
,Poland,HIGH HUMAN DEVELOPMENT,Prison population     Female       (% of total)  2007,3
,Argentina,HIGH HUMAN DEVELOPMENT,Prison population     Female       (% of total)  2007,5
,United Arab Emirates,HIGH HUMAN DEVELOPMENT,Prison population     Female       (% of total)  2007,11
,Chile,HIGH HUMAN DEVELOPMENT,Prison population     Female       (% of total)  2007,7
,Bahrain,HIGH HUMAN DEVELOPMENT,Prison population     Female       (% of total)  2007,..
,Slovakia,HIGH HUMAN DEVELOPMENT,Prison population     Female       (% of total)  2007,5
,Lithuania,HIGH HUMAN DEVELOPMENT,Prison population     Female       (% of total)  2007,3
,Estonia,HIGH HUMAN DEVELOPMENT,Prison population     Female       (% of total)  2007,4
,Latvia,HIGH HUMAN DEVELOPMENT,Prison population     Female       (% of total)  2007,6
,Uruguay,HIGH HUMAN DEVELOPMENT,Prison population     Female       (% of total)  2007,6
,Croatia,HIGH HUMAN DEVELOPMENT,Prison population     Female       (% of total)  2007,5
,Costa Rica,HIGH HUMAN DEVELOPMENT,Prison population     Female       (% of total)  2007,7
,Bahamas,HIGH HUMAN DEVELOPMENT,Prison population     Female       (% of total)  2007,2
,Seychelles,HIGH HUMAN DEVELOPMENT,Prison population     Female       (% of total)  2007,8
,Cuba,HIGH HUMAN DEVELOPMENT,Prison population     Female       (% of total)  2007,..
,Mexico,HIGH HUMAN DEVELOPMENT,Prison population     Female       (% of total)  2007,5
,Bulgaria,HIGH HUMAN DEVELOPMENT,Prison population     Female       (% of total)  2007,3
,Saint Kitts and Nevis,HIGH HUMAN DEVELOPMENT,Prison population     Female       (% of total)  2007,1
,Tonga,HIGH HUMAN DEVELOPMENT,Prison population     Female       (% of total)  2007,6
,Libyan Arab Jamahiriya,HIGH HUMAN DEVELOPMENT,Prison population     Female       (% of total)  2007,3
,Antigua and Barbuda,HIGH HUMAN DEVELOPMENT,Prison population     Female       (% of total)  2007,3
,Oman,HIGH HUMAN DEVELOPMENT,Prison population     Female       (% of total)  2007,5
,Trinidad and Tobago,HIGH HUMAN DEVELOPMENT,Prison population     Female       (% of total)  2007,3
,Romania,HIGH HUMAN DEVELOPMENT,Prison population     Female       (% of total)  2007,5
,Saudi Arabia,HIGH HUMAN DEVELOPMENT,Prison population     Female       (% of total)  2007,6
,Panama,HIGH HUMAN DEVELOPMENT,Prison population     Female       (% of total)  2007,7
,Malaysia,HIGH HUMAN DEVELOPMENT,Prison population     Female       (% of total)  2007,7
,Belarus,HIGH HUMAN DEVELOPMENT,Prison population     Female       (% of total)  2007,8
,Mauritius,HIGH HUMAN DEVELOPMENT,Prison population     Female       (% of total)  2007,6
,Bosnia and Herzegovina,HIGH HUMAN DEVELOPMENT,Prison population     Female       (% of total)  2007,3
,Russian Federation,HIGH HUMAN DEVELOPMENT,Prison population     Female       (% of total)  2007,7
,Albania,HIGH HUMAN DEVELOPMENT,Prison population     Female       (% of total)  2007,3
,Macedonia (TFYR),HIGH HUMAN DEVELOPMENT,Prison population     Female       (% of total)  2007,2
,Brazil,HIGH HUMAN DEVELOPMENT,Prison population     Female       (% of total)  2007,6
,Dominica,MEDIUM HUMAN DEVELOPMENT,Prison population     Female       (% of total)  2007,(.)
,Saint Lucia,MEDIUM HUMAN DEVELOPMENT,Prison population     Female       (% of total)  2007,2
,Kazakhstan,MEDIUM HUMAN DEVELOPMENT,Prison population     Female       (% of total)  2007,7
,Venezuela (Bolivarian Republic of),MEDIUM HUMAN DEVELOPMENT,Prison population     Female       (% of total)  2007,6
,Colombia,MEDIUM HUMAN DEVELOPMENT,Prison population     Female       (% of total)  2007,6
,Ukraine,MEDIUM HUMAN DEVELOPMENT,Prison population     Female       (% of total)  2007,6
,Samoa,MEDIUM HUMAN DEVELOPMENT,Prison population     Female       (% of total)  2007,9
,Thailand,MEDIUM HUMAN DEVELOPMENT,Prison population     Female       (% of total)  2007,17
,Dominican Republic,MEDIUM HUMAN DEVELOPMENT,Prison population     Female       (% of total)  2007,3
,Belize,MEDIUM HUMAN DEVELOPMENT,Prison population     Female       (% of total)  2007,2
,China,MEDIUM HUMAN DEVELOPMENT,Prison population     Female       (% of total)  2007,5
,Grenada,MEDIUM HUMAN DEVELOPMENT,Prison population     Female       (% of total)  2007,1
,Armenia,MEDIUM HUMAN DEVELOPMENT,Prison population     Female       (% of total)  2007,3
,Turkey,MEDIUM HUMAN DEVELOPMENT,Prison population     Female       (% of total)  2007,3
,Suriname,MEDIUM HUMAN DEVELOPMENT,Prison population     Female       (% of total)  2007,6
,Jordan,MEDIUM HUMAN DEVELOPMENT,Prison population     Female       (% of total)  2007,2
,Peru,MEDIUM HUMAN DEVELOPMENT,Prison population     Female       (% of total)  2007,7
,Lebanon,MEDIUM HUMAN DEVELOPMENT,Prison population     Female       (% of total)  2007,4
,Ecuador,MEDIUM HUMAN DEVELOPMENT,Prison population     Female       (% of total)  2007,11
,Philippines,MEDIUM HUMAN DEVELOPMENT,Prison population     Female       (% of total)  2007,8
,Tunisia,MEDIUM HUMAN DEVELOPMENT,Prison population     Female       (% of total)  2007,..
,Fiji,MEDIUM HUMAN DEVELOPMENT,Prison population     Female       (% of total)  2007,2
,Saint Vincent and the Grenadines,MEDIUM HUMAN DEVELOPMENT,Prison population     Female       (% of total)  2007,3
,Iran (Islamic Republic of),MEDIUM HUMAN DEVELOPMENT,Prison population     Female       (% of total)  2007,4
,Paraguay,MEDIUM HUMAN DEVELOPMENT,Prison population     Female       (% of total)  2007,5
,Georgia,MEDIUM HUMAN DEVELOPMENT,Prison population     Female       (% of total)  2007,2
,Guyana,MEDIUM HUMAN DEVELOPMENT,Prison population     Female       (% of total)  2007,4
,Azerbaijan,MEDIUM HUMAN DEVELOPMENT,Prison population     Female       (% of total)  2007,2
,Sri Lanka,MEDIUM HUMAN DEVELOPMENT,Prison population     Female       (% of total)  2007,4
,Maldives,MEDIUM HUMAN DEVELOPMENT,Prison population     Female       (% of total)  2007,22
,Jamaica,MEDIUM HUMAN DEVELOPMENT,Prison population     Female       (% of total)  2007,5
,Cape Verde,MEDIUM HUMAN DEVELOPMENT,Prison population     Female       (% of total)  2007,5
,El Salvador,MEDIUM HUMAN DEVELOPMENT,Prison population     Female       (% of total)  2007,6
,Algeria,MEDIUM HUMAN DEVELOPMENT,Prison population     Female       (% of total)  2007,1
,Viet Nam,MEDIUM HUMAN DEVELOPMENT,Prison population     Female       (% of total)  2007,12
,Occupied Palestinian Territories,MEDIUM HUMAN DEVELOPMENT,Prison population     Female       (% of total)  2007,..
,Indonesia,MEDIUM HUMAN DEVELOPMENT,Prison population     Female       (% of total)  2007,5
,Syrian Arab Republic,MEDIUM HUMAN DEVELOPMENT,Prison population     Female       (% of total)  2007,7
,Turkmenistan,MEDIUM HUMAN DEVELOPMENT,Prison population     Female       (% of total)  2007,..
,Nicaragua,MEDIUM HUMAN DEVELOPMENT,Prison population     Female       (% of total)  2007,7
,Moldova,MEDIUM HUMAN DEVELOPMENT,Prison population     Female       (% of total)  2007,5
,Egypt,MEDIUM HUMAN DEVELOPMENT,Prison population     Female       (% of total)  2007,4
,Uzbekistan,MEDIUM HUMAN DEVELOPMENT,Prison population     Female       (% of total)  2007,..
,Mongolia,MEDIUM HUMAN DEVELOPMENT,Prison population     Female       (% of total)  2007,4
,Honduras,MEDIUM HUMAN DEVELOPMENT,Prison population     Female       (% of total)  2007,3
,Kyrgyzstan,MEDIUM HUMAN DEVELOPMENT,Prison population     Female       (% of total)  2007,5
,Bolivia,MEDIUM HUMAN DEVELOPMENT,Prison population     Female       (% of total)  2007,7
,Guatemala,MEDIUM HUMAN DEVELOPMENT,Prison population     Female       (% of total)  2007,5
,Gabon,MEDIUM HUMAN DEVELOPMENT,Prison population     Female       (% of total)  2007,..
,Vanuatu,MEDIUM HUMAN DEVELOPMENT,Prison population     Female       (% of total)  2007,4
,South Africa,MEDIUM HUMAN DEVELOPMENT,Prison population     Female       (% of total)  2007,2
,Tajikistan,MEDIUM HUMAN DEVELOPMENT,Prison population     Female       (% of total)  2007,4
,Sao Tome and Principe,MEDIUM HUMAN DEVELOPMENT,Prison population     Female       (% of total)  2007,2
,Botswana,MEDIUM HUMAN DEVELOPMENT,Prison population     Female       (% of total)  2007,5
,Namibia,MEDIUM HUMAN DEVELOPMENT,Prison population     Female       (% of total)  2007,2
,Morocco,MEDIUM HUMAN DEVELOPMENT,Prison population     Female       (% of total)  2007,2
,Equatorial Guinea,MEDIUM HUMAN DEVELOPMENT,Prison population     Female       (% of total)  2007,..
,India,MEDIUM HUMAN DEVELOPMENT,Prison population     Female       (% of total)  2007,4
,Solomon Islands,MEDIUM HUMAN DEVELOPMENT,Prison population     Female       (% of total)  2007,1
,Lao People's Democratic Republic,MEDIUM HUMAN DEVELOPMENT,Prison population     Female       (% of total)  2007,11
,Cambodia,MEDIUM HUMAN DEVELOPMENT,Prison population     Female       (% of total)  2007,6
,Myanmar,MEDIUM HUMAN DEVELOPMENT,Prison population     Female       (% of total)  2007,18
,Bhutan,MEDIUM HUMAN DEVELOPMENT,Prison population     Female       (% of total)  2007,..
,Comoros,MEDIUM HUMAN DEVELOPMENT,Prison population     Female       (% of total)  2007,..
,Ghana,MEDIUM HUMAN DEVELOPMENT,Prison population     Female       (% of total)  2007,2
,Pakistan,MEDIUM HUMAN DEVELOPMENT,Prison population     Female       (% of total)  2007,2
,Mauritania,MEDIUM HUMAN DEVELOPMENT,Prison population     Female       (% of total)  2007,3
,Lesotho,MEDIUM HUMAN DEVELOPMENT,Prison population     Female       (% of total)  2007,3
,Congo,MEDIUM HUMAN DEVELOPMENT,Prison population     Female       (% of total)  2007,..
,Bangladesh,MEDIUM HUMAN DEVELOPMENT,Prison population     Female       (% of total)  2007,3
,Swaziland,MEDIUM HUMAN DEVELOPMENT,Prison population     Female       (% of total)  2007,3
,Nepal,MEDIUM HUMAN DEVELOPMENT,Prison population     Female       (% of total)  2007,8
,Madagascar,MEDIUM HUMAN DEVELOPMENT,Prison population     Female       (% of total)  2007,3
,Cameroon,MEDIUM HUMAN DEVELOPMENT,Prison population     Female       (% of total)  2007,..
,Papua New Guinea,MEDIUM HUMAN DEVELOPMENT,Prison population     Female       (% of total)  2007,5
,Haiti,MEDIUM HUMAN DEVELOPMENT,Prison population     Female       (% of total)  2007,7
,Sudan,MEDIUM HUMAN DEVELOPMENT,Prison population     Female       (% of total)  2007,2
,Kenya,MEDIUM HUMAN DEVELOPMENT,Prison population     Female       (% of total)  2007,4
,Djibouti,MEDIUM HUMAN DEVELOPMENT,Prison population     Female       (% of total)  2007,..
,Timor-Leste,MEDIUM HUMAN DEVELOPMENT,Prison population     Female       (% of total)  2007,(.)
,Zimbabwe,MEDIUM HUMAN DEVELOPMENT,Prison population     Female       (% of total)  2007,3
,Togo,MEDIUM HUMAN DEVELOPMENT,Prison population     Female       (% of total)  2007,2
,Yemen,MEDIUM HUMAN DEVELOPMENT,Prison population     Female       (% of total)  2007,..
,Uganda,MEDIUM HUMAN DEVELOPMENT,Prison population     Female       (% of total)  2007,3
,Gambia,MEDIUM HUMAN DEVELOPMENT,Prison population     Female       (% of total)  2007,1
,Senegal,LOW HUMAN DEVELOPMENT,Prison population     Female       (% of total)  2007,4
,Eritrea,LOW HUMAN DEVELOPMENT,Prison population     Female       (% of total)  2007,..
,Nigeria,LOW HUMAN DEVELOPMENT,Prison population     Female       (% of total)  2007,2
,Tanzania (United Republic of),LOW HUMAN DEVELOPMENT,Prison population     Female       (% of total)  2007,3
,Guinea,LOW HUMAN DEVELOPMENT,Prison population     Female       (% of total)  2007,2
,Rwanda,LOW HUMAN DEVELOPMENT,Prison population     Female       (% of total)  2007,3
,Angola,LOW HUMAN DEVELOPMENT,Prison population     Female       (% of total)  2007,3
,Benin,LOW HUMAN DEVELOPMENT,Prison population     Female       (% of total)  2007,4
,Malawi,LOW HUMAN DEVELOPMENT,Prison population     Female       (% of total)  2007,1
,Zambia,LOW HUMAN DEVELOPMENT,Prison population     Female       (% of total)  2007,3
,Côte d'Ivoire,LOW HUMAN DEVELOPMENT,Prison population     Female       (% of total)  2007,2
,Burundi,LOW HUMAN DEVELOPMENT,Prison population     Female       (% of total)  2007,3
,Congo (Democratic Republic of the),LOW HUMAN DEVELOPMENT,Prison population     Female       (% of total)  2007,3
,Ethiopia,LOW HUMAN DEVELOPMENT,Prison population     Female       (% of total)  2007,..
,Chad,,Prison population     Female       (% of total)  2007,2
,Central African Republic,,Prison population     Female       (% of total)  2007,..
,Mozambique,,Prison population     Female       (% of total)  2007,6
,Mali,,Prison population     Female       (% of total)  2007,2
,Niger,,Prison population     Female       (% of total)  2007,3
,Guinea-Bissau,,Prison population     Female       (% of total)  2007,..
,Burkina Faso,,Prison population     Female       (% of total)  2007,1
,Sierra Leone,,Prison population     Female       (% of total)  2007,..
,Iceland,HIGH HUMAN DEVELOPMENT,Year in which countries have partially or completely abolished the death penalty,1928
,Norway,HIGH HUMAN DEVELOPMENT,Year in which countries have partially or completely abolished the death penalty,1979
,Australia,HIGH HUMAN DEVELOPMENT,Year in which countries have partially or completely abolished the death penalty,1985
,Canada,HIGH HUMAN DEVELOPMENT,Year in which countries have partially or completely abolished the death penalty,1998
,Ireland,HIGH HUMAN DEVELOPMENT,Year in which countries have partially or completely abolished the death penalty,1990
,Sweden,HIGH HUMAN DEVELOPMENT,Year in which countries have partially or completely abolished the death penalty,1972
,Switzerland,HIGH HUMAN DEVELOPMENT,Year in which countries have partially or completely abolished the death penalty,1992
,Japan,HIGH HUMAN DEVELOPMENT,Year in which countries have partially or completely abolished the death penalty,..
,Netherlands,HIGH HUMAN DEVELOPMENT,Year in which countries have partially or completely abolished the death penalty,1982
,France,HIGH HUMAN DEVELOPMENT,Year in which countries have partially or completely abolished the death penalty,1981
,Finland,HIGH HUMAN DEVELOPMENT,Year in which countries have partially or completely abolished the death penalty,1972
,United States,HIGH HUMAN DEVELOPMENT,Year in which countries have partially or completely abolished the death penalty,..
,Spain,HIGH HUMAN DEVELOPMENT,Year in which countries have partially or completely abolished the death penalty,1995
,Denmark,HIGH HUMAN DEVELOPMENT,Year in which countries have partially or completely abolished the death penalty,1978
,Austria,HIGH HUMAN DEVELOPMENT,Year in which countries have partially or completely abolished the death penalty,1968
,United Kingdom,HIGH HUMAN DEVELOPMENT,Year in which countries have partially or completely abolished the death penalty,1998
,Belgium,HIGH HUMAN DEVELOPMENT,Year in which countries have partially or completely abolished the death penalty,1996
,Luxembourg,HIGH HUMAN DEVELOPMENT,Year in which countries have partially or completely abolished the death penalty,1979
,New Zealand,HIGH HUMAN DEVELOPMENT,Year in which countries have partially or completely abolished the death penalty,1989
,Italy,HIGH HUMAN DEVELOPMENT,Year in which countries have partially or completely abolished the death penalty,1994
,"Hong Kong, China (SAR)",HIGH HUMAN DEVELOPMENT,Year in which countries have partially or completely abolished the death penalty,..
,Germany,HIGH HUMAN DEVELOPMENT,Year in which countries have partially or completely abolished the death penalty,1987
,Israel,HIGH HUMAN DEVELOPMENT,Year in which countries have partially or completely abolished the death penalty,1954
,Greece,HIGH HUMAN DEVELOPMENT,Year in which countries have partially or completely abolished the death penalty,2004
,Singapore,HIGH HUMAN DEVELOPMENT,Year in which countries have partially or completely abolished the death penalty,..
,Korea (Republic of),HIGH HUMAN DEVELOPMENT,Year in which countries have partially or completely abolished the death penalty,..
,Slovenia,HIGH HUMAN DEVELOPMENT,Year in which countries have partially or completely abolished the death penalty,1989
,Cyprus,HIGH HUMAN DEVELOPMENT,Year in which countries have partially or completely abolished the death penalty,2002
,Portugal,HIGH HUMAN DEVELOPMENT,Year in which countries have partially or completely abolished the death penalty,1976
,Brunei Darussalam,HIGH HUMAN DEVELOPMENT,Year in which countries have partially or completely abolished the death penalty,1957
,Barbados,HIGH HUMAN DEVELOPMENT,Year in which countries have partially or completely abolished the death penalty,..
,Czech Republic,HIGH HUMAN DEVELOPMENT,Year in which countries have partially or completely abolished the death penalty,1990
,Kuwait,HIGH HUMAN DEVELOPMENT,Year in which countries have partially or completely abolished the death penalty,..
,Malta,HIGH HUMAN DEVELOPMENT,Year in which countries have partially or completely abolished the death penalty,2000
,Qatar,HIGH HUMAN DEVELOPMENT,Year in which countries have partially or completely abolished the death penalty,..
,Hungary,HIGH HUMAN DEVELOPMENT,Year in which countries have partially or completely abolished the death penalty,1990
,Poland,HIGH HUMAN DEVELOPMENT,Year in which countries have partially or completely abolished the death penalty,1997
,Argentina,HIGH HUMAN DEVELOPMENT,Year in which countries have partially or completely abolished the death penalty,1984
,United Arab Emirates,HIGH HUMAN DEVELOPMENT,Year in which countries have partially or completely abolished the death penalty,..
,Chile,HIGH HUMAN DEVELOPMENT,Year in which countries have partially or completely abolished the death penalty,2001
,Bahrain,HIGH HUMAN DEVELOPMENT,Year in which countries have partially or completely abolished the death penalty,..
,Slovakia,HIGH HUMAN DEVELOPMENT,Year in which countries have partially or completely abolished the death penalty,1990
,Lithuania,HIGH HUMAN DEVELOPMENT,Year in which countries have partially or completely abolished the death penalty,1998
,Estonia,HIGH HUMAN DEVELOPMENT,Year in which countries have partially or completely abolished the death penalty,1998
,Latvia,HIGH HUMAN DEVELOPMENT,Year in which countries have partially or completely abolished the death penalty,1999
,Uruguay,HIGH HUMAN DEVELOPMENT,Year in which countries have partially or completely abolished the death penalty,1907
,Croatia,HIGH HUMAN DEVELOPMENT,Year in which countries have partially or completely abolished the death penalty,1990
,Costa Rica,HIGH HUMAN DEVELOPMENT,Year in which countries have partially or completely abolished the death penalty,1877
,Bahamas,HIGH HUMAN DEVELOPMENT,Year in which countries have partially or completely abolished the death penalty,..
,Seychelles,HIGH HUMAN DEVELOPMENT,Year in which countries have partially or completely abolished the death penalty,1993
,Cuba,HIGH HUMAN DEVELOPMENT,Year in which countries have partially or completely abolished the death penalty,..
,Mexico,HIGH HUMAN DEVELOPMENT,Year in which countries have partially or completely abolished the death penalty,2005
,Bulgaria,HIGH HUMAN DEVELOPMENT,Year in which countries have partially or completely abolished the death penalty,1998
,Saint Kitts and Nevis,HIGH HUMAN DEVELOPMENT,Year in which countries have partially or completely abolished the death penalty,..
,Tonga,HIGH HUMAN DEVELOPMENT,Year in which countries have partially or completely abolished the death penalty,1982
,Libyan Arab Jamahiriya,HIGH HUMAN DEVELOPMENT,Year in which countries have partially or completely abolished the death penalty,..
,Antigua and Barbuda,HIGH HUMAN DEVELOPMENT,Year in which countries have partially or completely abolished the death penalty,..
,Oman,HIGH HUMAN DEVELOPMENT,Year in which countries have partially or completely abolished the death penalty,..
,Trinidad and Tobago,HIGH HUMAN DEVELOPMENT,Year in which countries have partially or completely abolished the death penalty,..
,Romania,HIGH HUMAN DEVELOPMENT,Year in which countries have partially or completely abolished the death penalty,1989
,Saudi Arabia,HIGH HUMAN DEVELOPMENT,Year in which countries have partially or completely abolished the death penalty,..
,Panama,HIGH HUMAN DEVELOPMENT,Year in which countries have partially or completely abolished the death penalty,1922
,Malaysia,HIGH HUMAN DEVELOPMENT,Year in which countries have partially or completely abolished the death penalty,..
,Belarus,HIGH HUMAN DEVELOPMENT,Year in which countries have partially or completely abolished the death penalty,..
,Mauritius,HIGH HUMAN DEVELOPMENT,Year in which countries have partially or completely abolished the death penalty,1995
,Bosnia and Herzegovina,HIGH HUMAN DEVELOPMENT,Year in which countries have partially or completely abolished the death penalty,2001
,Russian Federation,HIGH HUMAN DEVELOPMENT,Year in which countries have partially or completely abolished the death penalty,1999
,Albania,HIGH HUMAN DEVELOPMENT,Year in which countries have partially or completely abolished the death penalty,2007
,Macedonia (TFYR),HIGH HUMAN DEVELOPMENT,Year in which countries have partially or completely abolished the death penalty,1991
,Brazil,HIGH HUMAN DEVELOPMENT,Year in which countries have partially or completely abolished the death penalty,1979
,Dominica,MEDIUM HUMAN DEVELOPMENT,Year in which countries have partially or completely abolished the death penalty,..
,Saint Lucia,MEDIUM HUMAN DEVELOPMENT,Year in which countries have partially or completely abolished the death penalty,..
,Kazakhstan,MEDIUM HUMAN DEVELOPMENT,Year in which countries have partially or completely abolished the death penalty,..
,Venezuela (Bolivarian Republic of),MEDIUM HUMAN DEVELOPMENT,Year in which countries have partially or completely abolished the death penalty,1863
,Colombia,MEDIUM HUMAN DEVELOPMENT,Year in which countries have partially or completely abolished the death penalty,1910
,Ukraine,MEDIUM HUMAN DEVELOPMENT,Year in which countries have partially or completely abolished the death penalty,1999
,Samoa,MEDIUM HUMAN DEVELOPMENT,Year in which countries have partially or completely abolished the death penalty,2004
,Thailand,MEDIUM HUMAN DEVELOPMENT,Year in which countries have partially or completely abolished the death penalty,..
,Dominican Republic,MEDIUM HUMAN DEVELOPMENT,Year in which countries have partially or completely abolished the death penalty,1966
,Belize,MEDIUM HUMAN DEVELOPMENT,Year in which countries have partially or completely abolished the death penalty,..
,China,MEDIUM HUMAN DEVELOPMENT,Year in which countries have partially or completely abolished the death penalty,..
,Grenada,MEDIUM HUMAN DEVELOPMENT,Year in which countries have partially or completely abolished the death penalty,1978
,Armenia,MEDIUM HUMAN DEVELOPMENT,Year in which countries have partially or completely abolished the death penalty,2003
,Turkey,MEDIUM HUMAN DEVELOPMENT,Year in which countries have partially or completely abolished the death penalty,2004
,Suriname,MEDIUM HUMAN DEVELOPMENT,Year in which countries have partially or completely abolished the death penalty,1982
,Jordan,MEDIUM HUMAN DEVELOPMENT,Year in which countries have partially or completely abolished the death penalty,..
,Peru,MEDIUM HUMAN DEVELOPMENT,Year in which countries have partially or completely abolished the death penalty,1979
,Lebanon,MEDIUM HUMAN DEVELOPMENT,Year in which countries have partially or completely abolished the death penalty,..
,Ecuador,MEDIUM HUMAN DEVELOPMENT,Year in which countries have partially or completely abolished the death penalty,1906
,Philippines,MEDIUM HUMAN DEVELOPMENT,Year in which countries have partially or completely abolished the death penalty,2006
,Tunisia,MEDIUM HUMAN DEVELOPMENT,Year in which countries have partially or completely abolished the death penalty,1991
,Fiji,MEDIUM HUMAN DEVELOPMENT,Year in which countries have partially or completely abolished the death penalty,1979
,Saint Vincent and the Grenadines,MEDIUM HUMAN DEVELOPMENT,Year in which countries have partially or completely abolished the death penalty,..
,Iran (Islamic Republic of),MEDIUM HUMAN DEVELOPMENT,Year in which countries have partially or completely abolished the death penalty,..
,Paraguay,MEDIUM HUMAN DEVELOPMENT,Year in which countries have partially or completely abolished the death penalty,1992
,Georgia,MEDIUM HUMAN DEVELOPMENT,Year in which countries have partially or completely abolished the death penalty,1997
,Guyana,MEDIUM HUMAN DEVELOPMENT,Year in which countries have partially or completely abolished the death penalty,..
,Azerbaijan,MEDIUM HUMAN DEVELOPMENT,Year in which countries have partially or completely abolished the death penalty,1998
,Sri Lanka,MEDIUM HUMAN DEVELOPMENT,Year in which countries have partially or completely abolished the death penalty,1976
,Maldives,MEDIUM HUMAN DEVELOPMENT,Year in which countries have partially or completely abolished the death penalty,1952
,Jamaica,MEDIUM HUMAN DEVELOPMENT,Year in which countries have partially or completely abolished the death penalty,..
,Cape Verde,MEDIUM HUMAN DEVELOPMENT,Year in which countries have partially or completely abolished the death penalty,1981
,El Salvador,MEDIUM HUMAN DEVELOPMENT,Year in which countries have partially or completely abolished the death penalty,1983
,Algeria,MEDIUM HUMAN DEVELOPMENT,Year in which countries have partially or completely abolished the death penalty,1993
,Viet Nam,MEDIUM HUMAN DEVELOPMENT,Year in which countries have partially or completely abolished the death penalty,..
,Occupied Palestinian Territories,MEDIUM HUMAN DEVELOPMENT,Year in which countries have partially or completely abolished the death penalty,..
,Indonesia,MEDIUM HUMAN DEVELOPMENT,Year in which countries have partially or completely abolished the death penalty,..
,Syrian Arab Republic,MEDIUM HUMAN DEVELOPMENT,Year in which countries have partially or completely abolished the death penalty,..
,Turkmenistan,MEDIUM HUMAN DEVELOPMENT,Year in which countries have partially or completely abolished the death penalty,1999
,Nicaragua,MEDIUM HUMAN DEVELOPMENT,Year in which countries have partially or completely abolished the death penalty,1979
,Moldova,MEDIUM HUMAN DEVELOPMENT,Year in which countries have partially or completely abolished the death penalty,1995
,Egypt,MEDIUM HUMAN DEVELOPMENT,Year in which countries have partially or completely abolished the death penalty,..
,Uzbekistan,MEDIUM HUMAN DEVELOPMENT,Year in which countries have partially or completely abolished the death penalty,..
,Mongolia,MEDIUM HUMAN DEVELOPMENT,Year in which countries have partially or completely abolished the death penalty,..
,Honduras,MEDIUM HUMAN DEVELOPMENT,Year in which countries have partially or completely abolished the death penalty,1956
,Kyrgyzstan,MEDIUM HUMAN DEVELOPMENT,Year in which countries have partially or completely abolished the death penalty,1998
,Bolivia,MEDIUM HUMAN DEVELOPMENT,Year in which countries have partially or completely abolished the death penalty,1997
,Guatemala,MEDIUM HUMAN DEVELOPMENT,Year in which countries have partially or completely abolished the death penalty,..
,Gabon,MEDIUM HUMAN DEVELOPMENT,Year in which countries have partially or completely abolished the death penalty,..
,Vanuatu,MEDIUM HUMAN DEVELOPMENT,Year in which countries have partially or completely abolished the death penalty,1980
,South Africa,MEDIUM HUMAN DEVELOPMENT,Year in which countries have partially or completely abolished the death penalty,1997
,Tajikistan,MEDIUM HUMAN DEVELOPMENT,Year in which countries have partially or completely abolished the death penalty,..
,Sao Tome and Principe,MEDIUM HUMAN DEVELOPMENT,Year in which countries have partially or completely abolished the death penalty,1990
,Botswana,MEDIUM HUMAN DEVELOPMENT,Year in which countries have partially or completely abolished the death penalty,..
,Namibia,MEDIUM HUMAN DEVELOPMENT,Year in which countries have partially or completely abolished the death penalty,1990
,Morocco,MEDIUM HUMAN DEVELOPMENT,Year in which countries have partially or completely abolished the death penalty,1993
,Equatorial Guinea,MEDIUM HUMAN DEVELOPMENT,Year in which countries have partially or completely abolished the death penalty,..
,India,MEDIUM HUMAN DEVELOPMENT,Year in which countries have partially or completely abolished the death penalty,..
,Solomon Islands,MEDIUM HUMAN DEVELOPMENT,Year in which countries have partially or completely abolished the death penalty,1966
,Lao People's Democratic Republic,MEDIUM HUMAN DEVELOPMENT,Year in which countries have partially or completely abolished the death penalty,..
,Cambodia,MEDIUM HUMAN DEVELOPMENT,Year in which countries have partially or completely abolished the death penalty,1989
,Myanmar,MEDIUM HUMAN DEVELOPMENT,Year in which countries have partially or completely abolished the death penalty,..
,Bhutan,MEDIUM HUMAN DEVELOPMENT,Year in which countries have partially or completely abolished the death penalty,2004
,Comoros,MEDIUM HUMAN DEVELOPMENT,Year in which countries have partially or completely abolished the death penalty,..
,Ghana,MEDIUM HUMAN DEVELOPMENT,Year in which countries have partially or completely abolished the death penalty,1957
,Pakistan,MEDIUM HUMAN DEVELOPMENT,Year in which countries have partially or completely abolished the death penalty,..
,Mauritania,MEDIUM HUMAN DEVELOPMENT,Year in which countries have partially or completely abolished the death penalty,1987
,Lesotho,MEDIUM HUMAN DEVELOPMENT,Year in which countries have partially or completely abolished the death penalty,..
,Congo,MEDIUM HUMAN DEVELOPMENT,Year in which countries have partially or completely abolished the death penalty,1982
,Bangladesh,MEDIUM HUMAN DEVELOPMENT,Year in which countries have partially or completely abolished the death penalty,..
,Swaziland,MEDIUM HUMAN DEVELOPMENT,Year in which countries have partially or completely abolished the death penalty,1968
,Nepal,MEDIUM HUMAN DEVELOPMENT,Year in which countries have partially or completely abolished the death penalty,1997
,Madagascar,MEDIUM HUMAN DEVELOPMENT,Year in which countries have partially or completely abolished the death penalty,1958
,Cameroon,MEDIUM HUMAN DEVELOPMENT,Year in which countries have partially or completely abolished the death penalty,..
,Papua New Guinea,MEDIUM HUMAN DEVELOPMENT,Year in which countries have partially or completely abolished the death penalty,1950
,Haiti,MEDIUM HUMAN DEVELOPMENT,Year in which countries have partially or completely abolished the death penalty,1987
,Sudan,MEDIUM HUMAN DEVELOPMENT,Year in which countries have partially or completely abolished the death penalty,..
,Kenya,MEDIUM HUMAN DEVELOPMENT,Year in which countries have partially or completely abolished the death penalty,1987
,Djibouti,MEDIUM HUMAN DEVELOPMENT,Year in which countries have partially or completely abolished the death penalty,1995
,Timor-Leste,MEDIUM HUMAN DEVELOPMENT,Year in which countries have partially or completely abolished the death penalty,1999
,Zimbabwe,MEDIUM HUMAN DEVELOPMENT,Year in which countries have partially or completely abolished the death penalty,..
,Togo,MEDIUM HUMAN DEVELOPMENT,Year in which countries have partially or completely abolished the death penalty,1960
,Yemen,MEDIUM HUMAN DEVELOPMENT,Year in which countries have partially or completely abolished the death penalty,..
,Uganda,MEDIUM HUMAN DEVELOPMENT,Year in which countries have partially or completely abolished the death penalty,..
,Gambia,MEDIUM HUMAN DEVELOPMENT,Year in which countries have partially or completely abolished the death penalty,1981
,Senegal,LOW HUMAN DEVELOPMENT,Year in which countries have partially or completely abolished the death penalty,2004
,Eritrea,LOW HUMAN DEVELOPMENT,Year in which countries have partially or completely abolished the death penalty,..
,Nigeria,LOW HUMAN DEVELOPMENT,Year in which countries have partially or completely abolished the death penalty,..
,Tanzania (United Republic of),LOW HUMAN DEVELOPMENT,Year in which countries have partially or completely abolished the death penalty,..
,Guinea,LOW HUMAN DEVELOPMENT,Year in which countries have partially or completely abolished the death penalty,..
,Rwanda,LOW HUMAN DEVELOPMENT,Year in which countries have partially or completely abolished the death penalty,..
,Angola,LOW HUMAN DEVELOPMENT,Year in which countries have partially or completely abolished the death penalty,1992
,Benin,LOW HUMAN DEVELOPMENT,Year in which countries have partially or completely abolished the death penalty,1987
,Malawi,LOW HUMAN DEVELOPMENT,Year in which countries have partially or completely abolished the death penalty,1992
,Zambia,LOW HUMAN DEVELOPMENT,Year in which countries have partially or completely abolished the death penalty,..
,Côte d'Ivoire,LOW HUMAN DEVELOPMENT,Year in which countries have partially or completely abolished the death penalty,2000
,Burundi,LOW HUMAN DEVELOPMENT,Year in which countries have partially or completely abolished the death penalty,..
,Congo (Democratic Republic of the),LOW HUMAN DEVELOPMENT,Year in which countries have partially or completely abolished the death penalty,..
,Ethiopia,LOW HUMAN DEVELOPMENT,Year in which countries have partially or completely abolished the death penalty,..
,Chad,,Year in which countries have partially or completely abolished the death penalty,..
,Central African Republic,,Year in which countries have partially or completely abolished the death penalty,1981
,Mozambique,,Year in which countries have partially or completely abolished the death penalty,1990
,Mali,,Year in which countries have partially or completely abolished the death penalty,1980
,Niger,,Year in which countries have partially or completely abolished the death penalty,1976
,Guinea-Bissau,,Year in which countries have partially or completely abolished the death penalty,1993
,Burkina Faso,,Year in which countries have partially or completely abolished the death penalty,1988
,Sierra Leone,,Year in which countries have partially or completely abolished the death penalty,..
